common,bioconda,biotools
PYQUERY,pyquery,null
LIKENESS,np-likeness-scorer,null
LIBIDN,libidn,null
WEEDER,weeder,weeder
POMEGRANATE,pomegranate,null
AUTODTD,ucsc-autodtd,null
BIOCONDUCTOR-MOTIFRG,bioconductor-motifrg,motifrg
MUSCLE,muscle,muscle
BWAKIT,bwakit,null
KID,kid,null
SEQ,bpp-seq,null
GENONETS,genonets,genonets
DAISYSUITE,daisysuite,null
WS4PY,ws4py,null
ORTHOMCL,orthomcl,null
DSK,dsk,dsk
PSLPOSTARGET,ucsc-pslpostarget,null
BIOCONDUCTOR-BIONET,bioconductor-bionet,bionet
BIOCONDUCTOR-METHYLKIT,bioconductor-methylkit,methylkit
BIOCONDUCTOR-TITANCNA,bioconductor-titancna,titancna
BIOCONDUCTOR-ROC,bioconductor-roc,roc
TRIMCLUSTER,r-trimcluster,null
BIOCONDUCTOR-PODKAT,bioconductor-podkat,null
BIOCONDUCTOR-CELLNOPTR,bioconductor-cellnoptr,null
PULLSEQ,pullseq,null
MAFMEFIRST,ucsc-mafmefirst,null
IGV,igv,igv
FANN,fann,null
FICUS,ficus,null
COLORMAP,colormap,null
MAFFRAG,ucsc-maffrag,null
GOOGLEVIS,r-googlevis,null
CORSET,corset,corset
OPTPARSE,r-optparse,null
BIOCONDUCTOR-SUPRAHEX,bioconductor-suprahex,suprahex
FERMI2,fermi2,null
EXCEL,perl-excel-writer-xlsx,null
ASH,r-ash,null
FLASH,flash,flash
BLAST,blast,blast
QCLI,qcli,null
EMAIL,perl-email-date-format,null
GREP,grep,null
BUMBERSHOOT,bumbershoot,null
FLOWTOOLS,ig-flowtools,null
BIOCONDUCTOR-RONTOTOOLS,bioconductor-rontotools,rontotools
TFMPVALUE,r-tfmpvalue,null
MINTMAP,mintmap,null
BEDTOPSL,ucsc-bedtopsl,null
SQT,sqt,null
BIOCONDUCTOR-MYVARIANT,bioconductor-myvariant,null
DFAM,dfam,null
BIOCONDUCTOR-INTERACTIVEDISPLAYBASE,bioconductor-interactivedisplaybase,interactivedisplaybase
GETRNAPRED,ucsc-getrnapred,null
BIOCONDUCTOR-AROMA.LIGHT,bioconductor-aroma.light,aroma.light
IVA,iva,null
PREFER,mir-prefer,null
JOIN,fastq-join,null
OAUTH2,gcs-oauth2-boto-plugin,null
SNIPER,somatic-sniper,sniper
BIOCONDUCTOR-XCMS,bioconductor-xcms,xcms
IPO,r-ipo,ipo
PATHTOOLS,perl-pathtools,null
SAILFISH,sailfish,null
DEVEL,perl-devel-stacktrace,null
COMBINAT,r-combinat,null
BIOCONDUCTOR-ASPLI,bioconductor-aspli,aspli
PCR,e-pcr,null
GRAPHMAP,graphmap,null
NETIFACES,netifaces,null
GGPLOT,ggplot,null
GDTOOLS,r-gdtools,null
BIOCONDUCTOR-PVIZ,bioconductor-pviz,pviz
LSD,r-lsd,lsd
BIOCONDUCTOR-RTCA,bioconductor-rtca,null
MOCK,requests-mock,null
ANTARNA,antarna,antarna
BIOCONDUCTOR-ASAFE,bioconductor-asafe,asafe
METAPHLAN2,metaphlan2,null
PAUVRE,pauvre,null
SCG,scg,null
BIOCONDUCTOR-FLOWWORKSPACE,bioconductor-flowworkspace,flowworkspace
ITSX,itsx,null
RAXML,raxml,raxml
VCFTOOLBOX,vcftoolbox,null
RA,ra,null
BIOAWK,bioawk,null
MALDIQUANT,r-maldiquant,null
BIN,lz4-bin,null
AMPVIS,r-ampvis,null
BIOCONDUCTOR-DIRICHLETMULTINOMIAL,bioconductor-dirichletmultinomial,dirichletmultinomial
HTSLIB,htslib,HTSlib
GENOMEPY,genomepy,null
BIOCONDUCTOR-MIRSYNERGY,bioconductor-mirsynergy,mirsynergy
ENASEARCH,enasearch,null
BIOCONDUCTOR-A4CORE,bioconductor-a4core,a4core
BIOCONDUCTOR-MAKECDFENV,bioconductor-makecdfenv,makecdfenv
WGET,python-wget,null
BIOCONDUCTOR-SLQPCR,bioconductor-slqpcr,slqpcr
ETE2,ete2,null
BIOCONDUCTOR-AFFYDATA,bioconductor-affydata,null
ABRICATE,abricate,null
ALIASED,perl-aliased,null
BIOCONDUCTOR-BSGENOME.DMELANOGASTER.UCSC.DM3,bioconductor-bsgenome.dmelanogaster.ucsc.dm3,null
READCOUNT,bam-readcount,null
BIOCONDUCTOR-MANTELCORR,bioconductor-mantelcorr,mantelcorr
PRIORITIZE,bcbio-prioritize,null
BBMAP,bbmap,bbmap
DXUA,dxua,null
BIOCONDUCTOR-BIOVIZBASE,bioconductor-biovizbase,biovizbase
REMURNA,remurna,null
SUB,perl-sub-exporter-progressive,null
ACEPERL,perl-aceperl,null
AXIOME,axiome,null
MORPHEUS,morpheus,null
BIOCONDUCTOR-ILLUMINAHUMANMETHYLATION450KANNO.ILMN12.HG19,bioconductor-illuminahumanmethylation450kanno.ilmn12.hg19,null
FAFILTER,ucsc-fafilter,null
NEXTGEN,bcbio-nextgen,null
BIOCONDUCTOR-NCIGRAPH,bioconductor-ncigraph,ncigraph
JAMM,jamm,null
BESST,besst,besst
BATCH,r-batch,null
SYNAPSECLIENT,synapseclient,null
PYFASTA,pyfasta,pyfasta
BIOCONDUCTOR-ORG.DM.EG.DB,bioconductor-org.dm.eg.db,null
BIOCONDUCTOR-MERGEOMICS,bioconductor-mergeomics,mergeomics
IGBLAST,igblast,igblast
GRAPHPROT,graphprot,null
BIOCONDUCTOR-BIOCINSTALLER,bioconductor-biocinstaller,biocinstaller
AUTOXML,ucsc-autoxml,null
PERL,perl-perl-unsafe-signals,null
MASON,mason,mason
FREEC,control-freec,freec
BIOCONDUCTOR-RTREEMIX,bioconductor-rtreemix,rtreemix
GD,perl-gd,null
NGSUTILS,ngsutils,ngsutils
MODULES,pyasn1-modules,null
ESTSCAN,estscan,null
BIOCONDUCTOR-BSGENOME.ECOLI.NCBI.20080805,bioconductor-bsgenome.ecoli.ncbi.20080805,null
CUFFLINKS,cufflinks,cufflinks
SITES,snp-sites,null
BIOCONDUCTOR-DESEQ,bioconductor-deseq,deseq
NTLM,perl-ntlm,null
BIOCONDUCTOR-AFFYIO,bioconductor-affyio,affyio
DEEPMEDIC,deepmedic,null
GENOMETOOLS,genometools-genometools,genometools
BIOCONDUCTOR-ARRAYQUALITY,bioconductor-arrayquality,arrayquality
MUMMER,mummer,mummer
PSLHISTO,ucsc-pslhisto,null
NGLVIEW,nglview,null
BEDEXTENDRANGES,ucsc-bedextendranges,null
NETCLASS,ucsc-netclass,null
BIOCONDUCTOR-SVA,bioconductor-sva,null
PSLFILTER,ucsc-pslfilter,null
GVCFTOOLS,gvcftools,null
FASTA,validate-fasta-database,fasta
OGDF,ogdf,null
DPEAK,r-dpeak,null
SOM,r-som,null
CHROMGRAPHFROMBIN,ucsc-chromgraphfrombin,null
EXTRACTPIRS,extractpirs,null
PYNACL,pynacl,null
RANDOMLINES,ucsc-randomlines,null
MICROPAN,r-micropan,micropan
BIOCONDUCTOR-RAIN,bioconductor-rain,rain
PLANT_TRIBES_GENE_FAMILY_ALIGNER,plant_tribes_gene_family_aligner,null
DPLYR,r-dplyr,null
BIOCONDUCTOR-PRADA,bioconductor-prada,null
GRAPHVIZ,perl-graphviz,null
SPECTRASSEMBLER,spectrassembler,null
BIOCONDUCTOR-RBSURV,bioconductor-rbsurv,rbsurv
PYCLUSTER,pycluster,null
VCFANNO,vcfanno,null
PACK,r-pack,null
ETE3,ete3,null
MITOOLS,r-mitools,null
BIOCONDUCTOR-RCAS,bioconductor-rcas,rcas
FASTCLUSTER,r-fastcluster,null
BIOCONDUCTOR-CGHCALL,bioconductor-cghcall,cghcall
ALCHEMY,wtforms-alchemy,null
BIOCONDUCTOR-SPLICER,bioconductor-splicer,null
BIOCONDUCTOR-DO.DB,bioconductor-do.db,null
BMTAGGER,bmtagger,null
BIAS,dkfz-bias-filter,null
MIGMAP,migmap,null
PYBEL,pybel,null
PALADIN,paladin,null
EXTRAFONT,r-extrafont,null
XMLTODICT,xmltodict,null
NANOBLASTER,nanoblaster,null
BIOCONDUCTOR-RFPRED,bioconductor-rfpred,null
BIOCONDUCTOR-MBAMETHYL,bioconductor-mbamethyl,mbamethyl
RMARKDOWN,r-rmarkdown,null
BIOCONDUCTOR-BADER,bioconductor-bader,null
FASTTREE,fasttree,fasttree
COMPQUADFORM,r-compquadform,null
BIOCONDUCTOR-SANTA,bioconductor-santa,santa
BIOCONDUCTOR-RHTSLIB,bioconductor-rhtslib,rhtslib
CCAT,ccat,CCAT
GLIMMERHMM,glimmerhmm,null
PBSIM,pbsim,null
KAIJU,kaiju,kaiju
FUTILE.LOGGER,r-futile.logger,null
BIOCONDUCTOR-CANCERMUTATIONANALYSIS,bioconductor-cancermutationanalysis,cancermutationanalysis
CATOOLS,r-catools,null
PEER,r-peer,null
BIOCONDUCTOR-QDNASEQ,bioconductor-qdnaseq,qdnaseq
GRIMPORT,r-grimport,null
EXACTRANKTESTS,r-exactranktests,null
PYQI,pyqi,null
BITSTRING,bitstring,null
XMLRPC,r-xmlrpc,null
BIOCONDUCTOR-BALLGOWN,bioconductor-ballgown,ballgown
RCPPTOML,r-rcpptoml,null
TRACKHUB,trackhub,null
PARAFETCH,ucsc-parafetch,null
ESTSCAN1,perl-estscan1,null
QACTOQA,ucsc-qactoqa,null
SEARCHGUI,searchgui,searchgui
LAMBDA.R,r-lambda.r,null
INTEROP,illumina-interop,null
HARDKLOR,hardklor,null
PIPELINE,snp-pipeline,null
PSLRECALCMATCH,ucsc-pslrecalcmatch,null
TRINITY,trinity,trinity
SE,trnascan-se,null
D,tadarida-d,null
BIOCONDUCTOR-HICREP,bioconductor-hicrep,null
BIOCONDUCTOR-ANNOTATIONHUB,bioconductor-annotationhub,annotationhub
GSEAPY,gseapy,null
OUTRIGGER,outrigger,null
SNAP,snap,null
ARGPARSE,argparse,null
GGALLY,r-ggally,null
TERM,perl-term-app-roles,null
FACMP,ucsc-facmp,null
RESHAPE,r-reshape,null
BIOCONDUCTOR-TIGRE,bioconductor-tigre,null
BLOCKBUSTER,blockbuster,null
MUTATIONALPATTERNS,r-mutationalpatterns,mutationalpatterns
VARS,perl-vars,null
NHMMFDR,r-nhmmfdr,null
BIOCONDUCTOR-R4RNA,bioconductor-r4rna,r4rna
PHYML,phyml,phyml
ATTRIBUTE,perl-attribute-handlers,null
VELVET,velvet,velvet
MAGECK,mageck,null
BIOCONDUCTOR-GO.DB,bioconductor-go.db,null
STATISTICS,perl-statistics-basic,null
LASTZ,lastz,lastz
BIOCONDUCTOR-MARRAY,bioconductor-marray,marray
DISCOSNP,discosnp,discosnp
BIOCONDUCTOR-SRADB,bioconductor-sradb,sradb
MIRA,mira,mira
BIOCONDUCTOR-GENEPLOTTER,bioconductor-geneplotter,geneplotter
CGHFLASSO,r-cghflasso,null
CUTADAPT,cutadapt,cutadapt
FORMATTER,mgf-formatter,null
HUMANN2,humann2,null
SQLDF,r-sqldf,null
FASTAINDEX,fastaindex,null
BOTOCORE,botocore,null
LIBDIVSUFSORT,libdivsufsort,null
TDRMAPPER,tdrmapper,null
SMARTDENOVO,smartdenovo,null
BIOCONDUCTOR-METAGENOMESEQ,bioconductor-metagenomeseq,metagenomeseq
PSLTOPSLX,ucsc-psltopslx,null
ANVIO,anvio,null
MODULE,perl-module-runtime,null
MGLTOOLS,mgltools,null
BUSCO,busco,busco
SORTMERNA,sortmerna,sortmerna
EDLIB,edlib,null
HTML,perl-html-tableextract,null
H,nanosim-h,null
PYPORE,pypore,null
BIOCONDUCTOR-STREAMER,bioconductor-streamer,streamer
BIOCONDUCTOR-GLOBALSEQ,bioconductor-globalseq,globalseq
BIOCONDUCTOR-XVECTOR,bioconductor-xvector,xvector
VINA,autodock-vina,null
DUDES,dudes,null
BIOCONDUCTOR-ALL,bioconductor-all,null
SKEWER,skewer,skewer
BIOCONDUCTOR-RNASEQMAP,bioconductor-rnaseqmap,null
APP,perl-app-cpanminus,null
BIOCONDUCTOR-SYSTEMPIPER,bioconductor-systempiper,null
REPORT,cgat-report,null
FAFRAG,ucsc-fafrag,null
MERLIN,merlin,Merlin
ALLELECOUNT,cancerit-allelecount,null
PHIZZ,phizz,null
BIOCONDUCTOR-OCCUGENE,bioconductor-occugene,null
EDENA,edena,edena
SRPRISM,srprism,null
JOBLIB,joblib,null
BIOCONDUCTOR-ROTS,bioconductor-rots,rots
MUSICC,musicc,null
P7ZIP,p7zip,null
COLTRANSFORM,ucsc-coltransform,null
BIO3D,r-bio3d,null
AUTOLOG,autolog,null
BIOCONDUCTOR-PATHVIEW,bioconductor-pathview,pathview
URI,perl-uri,null
EXPANSIONHUNTER,expansionhunter,null
BIOCONDUCTOR-AMOUNTAIN,bioconductor-amountain,amountain
BIOCONDUCTOR-MDGSA,bioconductor-mdgsa,null
BIOCONDUCTOR-RLMM,bioconductor-rlmm,rlmm
CITYHASH,cityhash,null
MAPSPLICE,mapsplice,mapsplice
TRFBIG,ucsc-trfbig,null
PURRR,r-purrr,null
BIOCONDUCTOR-FLOWCL,bioconductor-flowcl,flowcl
WHATSHAP,whatshap,whatshap
BIOCONDUCTOR-OLIGOCLASSES,bioconductor-oligoclasses,oligoclasses
READMZXMLDATA,r-readmzxmldata,null
POSTSCRIPT,perl-postscript,null
GENEPREDFILTER,ucsc-genepredfilter,null
MEGAHIT,megahit,null
GOATOOLS,goatools,null
BIOCONDUCTOR-RBCBOOK1,bioconductor-rbcbook1,null
DEEPTOOLS,deeptools,deeptools
BIOCONDUCTOR-SEGMENTSEQ,bioconductor-segmentseq,null
STRINGTIE,stringtie,StringTie
PROGRAMOUTPUT,sphinxcontrib-programoutput,null
PEAKACHU,peakachu,null
ANSIBLE,ansible,null
VCFKIT,vcfkit,null
BIOCONDUCTOR-DEGSEQ,bioconductor-degseq,degseq
HGGCPERCENT,ucsc-hggcpercent,null
DAMIDSEQ_PIPELINE,damidseq_pipeline,null
PROKKA,prokka,prokka
JAFFA,jaffa,null
RANN,r-rann,null
ABRUIJN,abruijn,null
GSMOOTHR,r-gsmoothr,null
BIOCONDUCTOR-EDGER,bioconductor-edger,edger
SCALES,r-scales,null
BEAGLE,beagle,BEAGLE
SIFT4G,sift4g,null
BIOCONDUCTOR-METAHDEP,bioconductor-metahdep,metahdep
BIOCONDUCTOR-DESEQ2,bioconductor-deseq2,null
SHOVILL,shovill,null
POD,perl-pod-parser,null
VALIDATEFILES,ucsc-validatefiles,null
PARAMS,perl-params-validate,null
ARRAY,perl-array-compare,null
BIOCONDUCTOR-DADA2,bioconductor-dada2,dada2
SHAPEIT,shapeit,SHAPEIT
BIOCONDUCTOR-SQUADD,bioconductor-squadd,squadd
MVICUNA,mvicuna,null
PYGRESQL,pygresql,null
BIOCONDUCTOR-NUCLER,bioconductor-nucler,nucler
CMFINDER,cmfinder,null
INVOLUCRO,involucro,null
ASCAT,ascat,ascat
FCP,fcp,null
BIOCONDUCTOR-ORG.CF.EG.DB,bioconductor-org.cf.eg.db,null
BIOCONDUCTOR-CATEGORY,bioconductor-category,null
SUITE,je-suite,null
GMAP,gmap,gmap
SPINGO,spingo,null
PYSAMSTATS,pysamstats,pysamstats
DELTABS,deltabs,null
MOOSE,perl-moose,null
ROBUSTRANKAGGREG,r-robustrankaggreg,null
RGI_CONDA_DEV,rgi_conda_dev,null
CMPH,cmph,null
TESTFIXTURES,testfixtures,null
GBM,r-gbm,null
BIOCONDUCTOR-SEQTOOLS,bioconductor-seqtools,seqtools
TWOPACO,twopaco,null
MLGT,r-mlgt,mlgt
BIGLM,r-biglm,null
SMALLGENOMEUTILITIES,smallgenomeutilities,null
AREM,arem,arem
READSEQ,rdp-readseq,readseq
MBA,r-mba,null
SQLITEBROWSER,sqlitebrowser,null
JDK,java-jdk,null
MOCA,moca,null
CHECKPOINT,r-checkpoint,null
MICROSEQ,r-microseq,null
BIOCONDUCTOR-HILBERTVIS,bioconductor-hilbertvis,hilbertvis
HELPERLIBS,helperlibs,null
MCLUST,r-mclust,null
BORDER,perl-border-style,null
TYPES,perl-types-standard,null
EAGLE,eagle,Eagle
KPAL,kpal,null
SPARSEASSEMBLER,sparseassembler,null
BIOCONDUCTOR-BASESPACER,bioconductor-basespacer,null
ORFM,orfm,null
SCREAMINGBACKPACK,screamingbackpack,null
ARES,c-ares,null
COUNTCHARS,ucsc-countchars,null
BEDCLIP,ucsc-bedclip,null
BIGWIGINFO,ucsc-bigwiginfo,null
DATA.TABLE,r-data.table,null
METASEQ,metaseq,metaseq
JAVA,vardict-java,null
CANOPY,mgs-canopy,null
ELLIPSE,r-ellipse,null
BEHST,behst,null
PROJ4,r-proj4,null
SPAM,r-spam,null
STRINGIFY,ucsc-stringify,null
XYALIGN,xyalign,null
TRIMAL,trimal,trimAl
ALGDESIGN,r-algdesign,null
PYSCAF,pyscaf,null
BIOSERVICES,bioservices,null
MZML2ISA,mzml2isa,null
R2HTML,r-r2html,null
RNABOB,rnabob,null
BIOX,perl-biox-workflow-plugin-fileexists,null
BIOCONDUCTOR-CEXOR,bioconductor-cexor,cexor
PPANINI,ppanini,null
MONOVAR,monovar,Monovar
PORTABLE,mpa-portable,null
BIGWIGMERGE,ucsc-bigwigmerge,null
JCODE,perl-jcode,null
LIBSVM,libsvm,null
CAGE,cage,null
OSRA,osra,null
RIBOCODE,ribocode,null
PYLOH,pyloh,null
SCATTERPLOT3D,r-scatterplot3d,null
BIOCONDUCTOR-XBSEQ,bioconductor-xbseq,null
BOWTIE2,bowtie2,bowtie2
SBT,sbt,null
BIOCONDUCTOR-MBTTEST,bioconductor-mbttest,mbttest
BIOCONDUCTOR-SUMMARIZEDEXPERIMENT,bioconductor-summarizedexperiment,summarizedexperiment
BCBIO,multiqc-bcbio,null
PP,pp,null
ABUNDANCEBIN,abundancebin,null
MLDBM,perl-mldbm-sync,null
NANOSTRINGNORM,r-nanostringnorm,null
BIOCONDUCTOR-ILLUMINAMOUSEV2.DB,bioconductor-illuminamousev2.db,null
SPECTACLE,spectacle,null
BUCKETCACHE,bucketcache,null
JSONLITE,r-jsonlite,null
BMTOOL,bmtool,null
BIOCONDUCTOR-TARGETSCORE,bioconductor-targetscore,targetscore
UMI_TOOLS,umi_tools,null
DINOPY,dinopy,null
LOGBOOK,logbook,null
LIB,perl-lib,null
AHOCORASICKTRIE,r-ahocorasicktrie,null
GENEPREDTOBIGGENEPRED,ucsc-genepredtobiggenepred,null
ECMWFAPI,ecmwfapi,null
CHROMHMM,chromhmm,chromhmm
IQTREE,iqtree,null
STRIP_IT,strip_it,null
HIVTRACE,hivtrace,null
PRODIGAL,prodigal,null
BIOCONDUCTOR-CLUSTERPROFILER,bioconductor-clusterprofiler,clusterprofiler
TIFF,r-tiff,null
ASCIIGENOME,asciigenome,null
RPKMFORGENES,rpkmforgenes,null
VIENNARNA,viennarna,null
SPECTRAL_HK,spectral_hk,null
RBLAST,r-rblast,null
PARASYNC,ucsc-parasync,null
FACOUNT,ucsc-facount,null
BIOCONDUCTOR-PSICQUIC,bioconductor-psicquic,psicquic
NETWORKXGMML,networkxgmml,null
GGALT,r-ggalt,null
BIOGRIDPY,biogridpy,null
CLUSTER,python-cluster,null
PICRUST,picrust,null
ONTO2NX,onto2nx,null
BIOCONDUCTOR-PICKGENE,bioconductor-pickgene,pickgene
BRESEQ,breseq,null
NANOPLOT,nanoplot,null
PLANT_TRIBES_GENE_FAMILY_INTEGRATOR,plant_tribes_gene_family_integrator,null
NANOGET,nanoget,null
NONPAREIL,nonpareil,null
R.RSP,r-r.rsp,null
EXPRESS,express,null
FARC,ucsc-farc,null
SPINE,spine,null
PSLSORT,ucsc-pslsort,null
HMMER2,hmmer2,null
FNN,r-fnn,null
BIOCONDUCTOR-RANDPACK,bioconductor-randpack,randpack
BIOCONDUCTOR-MZID,bioconductor-mzid,mzid
RELAIMPO,r-relaimpo,null
SQUEAKR,squeakr,null
PYTHONNET,pythonnet,null
BIOCONDUCTOR-CAGER,bioconductor-cager,cager
RSA,rsa,null
OPENSLIDE,openslide,null
SEQCLUSTER,seqcluster,seqcluster
DBI,perl-dbi,null
DROPBOX,dropbox,null
NANOPOLISH,nanopolish,null
PROBMETAB,r-probmetab,null
MULTITAPER,r-multitaper,null
RPHYLIP,r-rphylip,null
BIOCONDUCTOR-RSVSIM,bioconductor-rsvsim,rsvsim
BIOCONDUCTOR-FLOWAI,bioconductor-flowai,flowai
WEBLOGO,python-weblogo,weblogo
SPARQL,r-sparql,null
E1071,r-e1071,null
ADMIN,flask-admin,null
MSPRIME,msprime,null
BIOCONDUCTOR-BGMIX,bioconductor-bgmix,bgmix
ABIND,r-abind,null
BIOCONDUCTOR-METHYLUMI,bioconductor-methylumi,methylumi
GMTK,gmtk,null
BIOCONDUCTOR-BIOCSTYLE,bioconductor-biocstyle,null
RAPPDIRS,r-rappdirs,null
BIOCONDUCTOR-JASPAR2014,bioconductor-jaspar2014,null
BIOCONDUCTOR-OSAT,bioconductor-osat,osat
MAPDAMAGE2,mapdamage2,null
SAFFRONTREE,saffrontree,null
BIOCONDUCTOR-QPCRNORM,bioconductor-qpcrnorm,qpcrnorm
QORTS,qorts,null
ECOPY,ecopy,null
GENEPREDHISTO,ucsc-genepredhisto,null
INHERITANCE,inheritance,null
BIOCONDUCTOR-PECA,bioconductor-peca,null
MSSTITCH,msstitch,null
NANOSPLIT,nanosplit,null
BIOCONDUCTOR-BGAFUN,bioconductor-bgafun,bgafun
MAFTOPSL,ucsc-maftopsl,null
MUNKRES,munkres,null
HTTPRETTY,httpretty,null
STRELKA,strelka,strelka
CLONE,perl-clone,null
BIOCONDUCTOR-PCAMETHODS,bioconductor-pcamethods,null
BIOCONDUCTOR-CGHREGIONS,bioconductor-cghregions,cghregions
CHBUTILS,r-chbutils,null
FQTOOLS,fqtools,null
DYNALOADER,perl-dynaloader,null
CDBTOOLS,cdbtools,null
WANT,perl-want,null
PEEWEE,peewee,null
PATPRO,r-patpro,null
GENEPREDSINGLECOVER,ucsc-genepredsinglecover,null
TASK,perl-task-weaken,null
NORNS,norns,null
MERGEVCF,mergevcf,null
GIMMEMOTIFS,gimmemotifs,gimmemotifs
ANDI,andi,andi
GSUBFN,r-gsubfn,null
GAPTOLIFT,ucsc-gaptolift,null
LEPTONICA,leptonica,null
NEWT,newt,newt
BIOCONDUCTOR-COMPLEXHEATMAP,bioconductor-complexheatmap,complexheatmap
MREPS,mreps,mreps
SPLITFILE,ucsc-splitfile,null
EMMIX,emmix,null
BIOCONDUCTOR-RIBOPROFILING,bioconductor-riboprofiling,riboprofiling
SONLIB,sonlib,null
DATETIME,perl-datetime-locale,null
VARDICT,vardict,null
URITEMPLATE,uritemplate,null
NASM,nasm,null
CHAINMERGESORT,ucsc-chainmergesort,null
COGENT,cogent,null
FINDMOTIF,ucsc-findmotif,null
UTILS,ea-utils,null
YAMLLINT,yamllint,null
GRAFTM,graftm,null
BGT,bgt,null
BIOCONDUCTOR-SPLICEGEAR,bioconductor-splicegear,splicegear
STRIDE,stride,stride
DOIT,doit,null
DOMCLUST,domclust,null
API,embl-api-validator,null
PLASMIDTRON,plasmidtron,null
PILEOMETH,pileometh,null
FUSEPY,fusepy,null
DELDIR,r-deldir,null
CAPTURESTDERR,nose-capturestderr,null
IMFUSION,imfusion,null
PHYLIP,phylip,PHYLIP
BIOCONDUCTOR-RDGIDB,bioconductor-rdgidb,rdgidb
PYCSG,pycsg,null
DNAPI,dnapi,null
SIMLORD,simlord,null
GIANT,r-giant,null
REGEX,regex,null
INLINE,r-inline,null
MUGSY,mugsy,null
BIOCONDUCTOR-RGRAPHVIZ,bioconductor-rgraphviz,rgraphviz
BIOCONDUCTOR-CURATEDOVARIANDATA,bioconductor-curatedovariandata,null
ERRORCORRECTION,soapdenovo2-errorcorrection,null
RENAME,rename,null
FPC,r-fpc,FPC
RNASHAPES,rnashapes,null
LIBBIGWIG,libbigwig,null
AFTERQC,afterqc,null
TIBBLE,r-tibble,null
MAFTOAXT,ucsc-maftoaxt,null
NANOSIM,nanosim,null
BIOCONDUCTOR-RBIOINF,bioconductor-rbioinf,null
SQLTOXML,ucsc-sqltoxml,null
RMBLAST,rmblast,null
BIOCONDUCTOR-RGREAT,bioconductor-rgreat,null
BCBIOGFF,bcbiogff,null
PACKAGE,perl-package-stash,null
BIOCONDUCTOR-ADSPLIT,bioconductor-adsplit,adsplit
HGLOADBED,ucsc-hgloadbed,null
OLE,perl-ole-storage_lite,null
FUTURE,r-future,null
NANOMATH,nanomath,null
SLEUTH,r-sleuth,null
BASE64,r-base64,null
SPLITMEM,splitmem,null
RAPCLUST,rapclust,null
CARP,perl-carp,null
TREE,perl-tree-dag_node,null
ASSEMBLER,wgs-assembler,null
FETCHCHROMSIZES,ucsc-fetchchromsizes,null
NPYSCREEN,npyscreen,null
BIOCONDUCTOR-MVCCLASS,bioconductor-mvcclass,mvcclass
PEPR,pepr,null
BIOCONDUCTOR-RBOWTIE,bioconductor-rbowtie,null
METAMETA,metameta,null
BIOCONDUCTOR-MONOCLE,bioconductor-monocle,monocle
QUAST,quast,quast
QUALIMAP,qualimap,qualimap
INTERVALS,intervals,null
CLUSTALW,clustalw,clustalw
BIOCONDUCTOR-AFFXPARSER,bioconductor-affxparser,affxparser
FASOMERECORDS,ucsc-fasomerecords,null
TIMEOUT,pytest-timeout,null
BLASR,blasr,null
NMRGLUE,nmrglue,null
PSYCH,r-psych,null
CONNOR,connor,null
FAIL,r-fail,null
PROXY,r-proxy,null
PIXBUF,gdk-pixbuf,null
RDPTOOLS,rdptools,null
VPHASER2,vphaser2,null
POPT,popt,null
GETOPTLONG,r-getoptlong,null
BIOCONDUCTOR-RTOPPER,bioconductor-rtopper,rtopper
BIOCONDUCTOR-MACORRPLOT,bioconductor-macorrplot,macorrplot
BIOCONDUCTOR-RCYTOSCAPE,bioconductor-rcytoscape,rcytoscape
IPC,perl-ipc-system-simple,ipc
PYWDL,pywdl,null
PYTHON,sevenbridges-python,null
IMSEQ,imseq,null
AROMA.CORE,r-aroma.core,null
SPACEDTOTAB,ucsc-spacedtotab,null
NUMBER,perl-number-misc,null
RIBOSEED,riboseed,null
FAST5,fast5,null
DATEUTIL,python-dateutil,null
INTEGER,perl-integer,null
ROWSTOCOLS,ucsc-rowstocols,null
2PG_CARTESIAN,2pg_cartesian,null
PYSNPTOOLS,pysnptools,null
BIOCONDUCTOR-TXIMPORT,bioconductor-tximport,tximport
BIOCONDUCTOR-SCRAN,bioconductor-scran,scran
LATENTSTRAINANALYSIS,latentstrainanalysis,null
HUBWARD,hubward,null
THREADED,perl-threaded,null
MASHMAP,mashmap,null
BIO,perl-bio-db-sam,null
BIT64,r-bit64,null
FRAGGENESCAN,fraggenescan,fraggenescan
BIOCONDUCTOR-CHIPCOMP,bioconductor-chipcomp,chipcomp
PERMUTE,r-permute,null
NETCHAINSUBSET,ucsc-netchainsubset,null
BIOMAJ,biomaj,biomaj
ORE,r-ore,null
LITE,alignlib-lite,null
FLASHCLUST,r-flashclust,null
BIOCONDUCTOR-RGALAXY,bioconductor-rgalaxy,rgalaxy
PHYLOWGS,phylowgs,null
BIOCONDUCTOR-STARR,bioconductor-starr,starr
BIGBEDNAMEDITEMS,ucsc-bigbednameditems,null
BIGWIGCAT,ucsc-bigwigcat,null
BIOCONDUCTOR-ORG.CE.EG.DB,bioconductor-org.ce.eg.db,null
AENUM,aenum,null
BIOCONDUCTOR-METHYLSEEKR,bioconductor-methylseekr,methylseekr
BYOBU,byobu,null
ANNOIS,metavelvet-annois,null
MELT,melt,null
BIOCONDUCTOR-SCATER,bioconductor-scater,scater
CACHE,requests-cache,null
MYSQLCLIENT,mysqlclient,null
FILTER,perl-filter-simple,filter
TAXTASTIC,taxtastic,null
CHAINANTIREPEAT,ucsc-chainantirepeat,null
STRING,perl-string-util,string
GRAPH_EMBED,graph_embed,null
SDK,ngs-sdk,null
DREAMTOOLS,dreamtools,null
BIOCONDUCTOR-MULTISCAN,bioconductor-multiscan,multiscan
SWEEPFINDER2,sweepfinder2,null
BIOCONDUCTOR-A4PREPROC,bioconductor-a4preproc,a4preproc
GLOB2,glob2,null
PHONR,r-phonr,null
BIOCONDUCTOR-ROLS,bioconductor-rols,null
NGSHMMALIGN,ngshmmalign,null
BIOCONDUCTOR-SIMPLEAFFY,bioconductor-simpleaffy,null
TREETIME,treetime,null
CRIMSON,crimson,null
DIA_UMPIRE,dia_umpire,null
DALIGNER,daligner,null
MINEPY,minepy,null
MOODS,moods,MOODS
BIOCONDUCTOR-METAMS,bioconductor-metams,metams
PBCOMMAND,pbcommand,null
GAPCLOSER,soapdenovo2-gapcloser,null
CHAINSWAP,ucsc-chainswap,null
PERCOLATOR,percolator,percolator
INTERMINE,intermine,intermine
BIOCONDUCTOR-ANOTA,bioconductor-anota,anota
OPENMG,openmg,null
PSLPAIRS,ucsc-pslpairs,null
FAPOLYASIZES,ucsc-fapolyasizes,null
TEST,perl-test-trap,null
XSD,xsd,null
RSM,r-rsm,null
SOCKET6,perl-socket6,null
PRESEQR,r-preseqr,null
GEMINI,gemini,GEMINI
BIOCONDUCTOR-DOSE,bioconductor-dose,null
BIOCONDUCTOR-KCSMART,bioconductor-kcsmart,null
DISTY,disty,null
CLINOD,clinod,null
TYPING,typing,null
FASTICA,r-fastica,null
PEAR,pear,PEAR
SMHASHER,smhasher,null
GRAPHICSMAGICK,graphicsmagick,null
FANOISE,ucsc-fanoise,null
TOLOWER,ucsc-tolower,null
LAB,hall-lab-svtools,null
PYLIFTOVER,pyliftover,null
IMPORTER,perl-importer,null
RWAVE,r-rwave,null
BIOCONDUCTOR-SWITCHBOX,bioconductor-switchbox,null
PBKDF2,perl-pbkdf2-tiny,null
GFF3TOGENEPRED,ucsc-gff3togenepred,null
PYPROPHET,pyprophet,null
PSCBS,r-pscbs,null
DT,r-dt,null
RNALIEN,rnalien,RNAlien
PAR,perl-par-dist,null
BIOCONDUCTOR-MEDIPS,bioconductor-medips,medips
BIOCONDUCTOR-PLGEM,bioconductor-plgem,plgem
BIOCONDUCTOR-OGSA,bioconductor-ogsa,ogsa
MINIASM,miniasm,null
LOCALE,perl-locale,null
BIOCONDUCTOR-RGADEM,bioconductor-rgadem,rgadem
GRAPH,perl-graph-readwrite,graph
MINCED,minced,null
RAY,ray,ray
PLINK2,plink2,null
PLANEMO,planemo,null
GLOBALS,r-globals,null
PLOTRIX,r-plotrix,null
LISTENV,r-listenv,null
PORETOOLS,poretools,null
BIOCONDUCTOR-CFASSAY,bioconductor-cfassay,null
BIOCONDUCTOR-SYNERGYFINDER,bioconductor-synergyfinder,synergyfinder
SIGNAL,r-signal,null
MGLEX,mglex,null
BEDGRAPHPACK,ucsc-bedgraphpack,null
PAIRIX,pairix,null
QUERY_PHENOMIZER,query_phenomizer,null
BIOCONDUCTOR-MICRORNA,bioconductor-microrna,microrna
BEANPLOT,r-beanplot,null
BIOCONDUCTOR-RTRM,bioconductor-rtrm,rtrm
BIOCONDUCTOR-VARIANTANNOTATION,bioconductor-variantannotation,variantannotation
TEST2,perl-test2,null
BIOCONDUCTOR-BUBBLETREE,bioconductor-bubbletree,null
VELVETOPTIMISER,perl-velvetoptimiser,velvetoptimiser
BIOCONDUCTOR-ISOMIRS,bioconductor-isomirs,isomirs
BIOCONDUCTOR-OPPAR,bioconductor-oppar,oppar
GFOLD,gfold,null
VARIANTBAM,variantbam,null
CHAINTOAXT,ucsc-chaintoaxt,null
MAFGENE,ucsc-mafgene,null
TARGQC,targqc,null
BIOKIT,biokit,null
STACKS_SUMMARY,stacks_summary,null
BIOCONDUCTOR-ACME,bioconductor-acme,acme
BIOCONDUCTOR-SNPSTATS,bioconductor-snpstats,snpstats
TCLAP,tclap,null
GATK,gatk,gatk
PICARD,picard,null
NANONET,nanonet,null
RTTF2PT1,r-rttf2pt1,null
VAWK,vawk,null
DEOPTIMR,r-deoptimr,null
BACKPORTS.CSV,backports.csv,null
PORE,r-pore,null
PBDAGCON,pbdagcon,null
FDA,r-fda,null
QLCMATRIX,r-qlcmatrix,null
TREEMIX,treemix,TreeMix
ASTALAVISTA,astalavista,astalavista
SVGUI,r-svgui,null
BIOCONDUCTOR-BAYESPEAK,bioconductor-bayespeak,bayespeak
BIOCONDUCTOR-SSCORE,bioconductor-sscore,sscore
BIOCONDUCTOR-SPIA,bioconductor-spia,spia
TRANSTERMHP,transtermhp,null
BIOCONDUCTOR-BACON,bioconductor-bacon,bacon
TRINCULO,trinculo,null
BIOCONDUCTOR-PCHICDATA,bioconductor-pchicdata,null
BIOCONDUCTOR-TXDB.HSAPIENS.UCSC.HG18.KNOWNGENE,bioconductor-txdb.hsapiens.ucsc.hg18.knowngene,null
MUSE,muse,null
GEVENT,gevent,null
CALIBRATE,r-calibrate,null
ODOSE,odose,null
MYRIAD,myriad,null
GAMLSS.DATA,r-gamlss.data,null
SHAPEMAPPER,shapemapper,null
FASTQ,parallel-fastq-dump,null
BIOCONDUCTOR-TXDB.CELEGANS.UCSC.CE11.REFGENE,bioconductor-txdb.celegans.ucsc.ce11.refgene,null
LIFTUP,ucsc-liftup,null
INFORNA,inforna,inforna
MEGAGTA,megagta,null
RIBODIFF,ribodiff,null
BIOCONDUCTOR-ROPLS,bioconductor-ropls,ropls
MINIMAP2,minimap2,null
MOSDEPTH,mosdepth,null
PENALIZED,r-penalized,null
XMLTRAMP2,xmltramp2,null
TRUNCNORM,r-truncnorm,null
BIOCONDUCTOR-RTCGATOOLBOX,bioconductor-rtcgatoolbox,rtcgatoolbox
NGMLR,ngmlr,null
SPEEDGLM,r-speedglm,null
PBGZIP,pbgzip,null
BCFTOOLS,bcftools,bcftools
READR,r-readr,null
BIOCONDUCTOR-RHDF5,bioconductor-rhdf5,null
VARSCAN,varscan,varscan
SENDMAILR,r-sendmailr,null
BIOCONDUCTOR-HEATPLUS,bioconductor-heatplus,heatplus
TWOBITMASK,ucsc-twobitmask,null
EMIRGE,emirge,null
RASQLQUERY,ucsc-rasqlquery,null
BRANCH,socksipy-branch,null
AXTSORT,ucsc-axtsort,null
BIOCONDUCTOR-GOSTATS,bioconductor-gostats,null
NANOFILT,nanofilt,null
VENNDIAGRAM,r-venndiagram,null
OLIGOMATCH,ucsc-oligomatch,null
SURVEY,r-survey,null
BIOCONDUCTOR-ROLESWITCH,bioconductor-roleswitch,roleswitch
BIOCONDUCTOR-REPITOOLS,bioconductor-repitools,repitools
PCAPP,r-pcapp,null
DAMMIT,dammit,null
DISCOVARDENOVO,discovardenovo,null
EBFILTER,ebfilter,null
KRAKEN,kraken,kraken
OBITOOLS,obitools,null
PPLACER,pplacer,null
BIOCONDUCTOR-BAYSEQ,bioconductor-bayseq,bayseq
FOOTPRINT,footprint,null
GUSTAF,gustaf,null
BIOCONDUCTOR-HPAR,bioconductor-hpar,hpar
DATA,perl-data-uuid,null
ICE,zeroc-ice,null
BIOCONDUCTOR-READQPCR,bioconductor-readqpcr,readqpcr
CONQUISTADOR,platypus-conquistador,null
TRANSDECODER,transdecoder,null
CNOGPRO,r-cnogpro,cnogpro
SEQ2C,seq2c,null
ENCODE,perl-encode-locale,null
GEORGE,r-george,null
W4MCLSTRPEAKPICS,w4mclstrpeakpics,null
MARKS,pytest-marks,null
PSLSWAP,ucsc-pslswap,null
BIOCONDUCTOR-RRHO,bioconductor-rrho,rrho
YANC,yanc,null
SVTYPER,svtyper,null
PAUDA,pauda,null
CORRPLOT,r-corrplot,null
PEPNOVO,pepnovo,pepnovo
RUNIT,r-runit,null
EMDBOOK,r-emdbook,null
DBSNOOP,ucsc-dbsnoop,null
FASIZE,ucsc-fasize,null
JBROWSE,jbrowse,jbrowse
SICKLE,sickle,sickle
FAFILTERN,ucsc-fafiltern,null
CONFIG,perl-config-simple,null
BIOCONDUCTOR-RNAPROBR,bioconductor-rnaprobr,rnaprobr
TERMREADKEY,perl-termreadkey,null
SEGEMEHL,segemehl,segemehl
BIOCONDUCTOR-SIGPATHWAY,bioconductor-sigpathway,sigpathway
BIOCONDUCTOR-QUANTSMOOTH,bioconductor-quantsmooth,quantsmooth
BIOCONDUCTOR-MDQC,bioconductor-mdqc,mdqc
BUNNY,rabix-bunny,null
NEXTGENMAP,nextgenmap,null
MAILTOOLS,perl-mailtools,null
NLEQSLV,r-nleqslv,null
ENV,perl-env-path,null
FITDISTRPLUS,r-fitdistrplus,null
SVGUTILS,svgutils,null
MOREUTILS,moreutils,null
SIMULATOR,flux-simulator,null
BIOCONDUCTOR-GAGEDATA,bioconductor-gagedata,null
MQC,mqc,null
SHELLESCAPE,shellescape,null
BIOCONDUCTOR-BIOSIGNER,bioconductor-biosigner,biosigner
SCHAVOTT,schavott,null
DATATABLES,sqlalchemy-datatables,null
SNIPPY,snippy,snippy
SMASHBENCHMARKING,smashbenchmarking,null
SWGA,swga,null
MENDELSCAN,mendelscan,null
BIOCONDUCTOR-BIOCWORKFLOWTOOLS,bioconductor-biocworkflowtools,null
BIGWIGAVERAGEOVERBED,ucsc-bigwigaverageoverbed,null
MATRIXEQTL,r-matrixeqtl,null
BIOCONDUCTOR-GENOMICFEATURES,bioconductor-genomicfeatures,genomicfeatures
BIOCONDUCTOR-MAANOVA,bioconductor-maanova,maanova
MZTOSQLITE,mztosqlite,null
GRASS,perl-grass,null
SPREADSHEET,perl-spreadsheet-writeexcel,null
TRIMADAP,trimadap,null
NANOCALL,nanocall,null
BIOCONDUCTOR-VIPER,bioconductor-viper,viper
MIDAS,midas,null
GAM,r-gam,null
GRAPHLITE,graphlite,null
SANGER,perl-sanger-cgp-allelecount,null
WRAPPERS,graphclust-wrappers,null
NEWICK_UTILS,newick_utils,Newick_Utilities
BIOCONDUCTOR-ZLIBBIOC,bioconductor-zlibbioc,zlibbioc
LSC,lsc,null
LOCARNA,locarna,locarna
RPMG,r-rpmg,null
BIOCONDUCTOR-SPLOTS,bioconductor-splots,splots
R.HUGE,r-r.huge,null
TRIMMOMATIC,trimmomatic,trimmomatic
FSNVIZ,fsnviz,null
MAFSPLITPOS,ucsc-mafsplitpos,null
TWOBITINFO,ucsc-twobitinfo,null
FASPLIT,ucsc-fasplit,null
BIOCONDUCTOR-RCASPAR,bioconductor-rcaspar,null
BIOCONDUCTOR-XDE,bioconductor-xde,xde
CONSTANT,perl-constant,null
BIOCONDUCTOR-CSAW,bioconductor-csaw,null
TESTTHAT,r-testthat,null
KMERGENIE,kmergenie,kmergenie
WIGCORRELATE,ucsc-wigcorrelate,null
BIOCONDUCTOR-ASEB,bioconductor-aseb,aseb
RSEG,rseg,null
SINA,sina,null
SHORAH,shorah,shorah
PYHASHXX,pyhashxx,null
HCLUSTER_SG,hcluster_sg,null
BIOCONDUCTOR-PEPSTAT,bioconductor-pepstat,pepstat
GAMLSS,r-gamlss,null
BIOCONDUCTOR-ANNOTATIONFORGE,bioconductor-annotationforge,annotationforge
WIGTOBIGWIG,ucsc-wigtobigwig,null
EDITDISTANCE,editdistance,null
SPIFFY,perl-spiffy,null
BIOCONDUCTOR-MBASED,bioconductor-mbased,mbased
BIOCONDUCTOR-PICS,bioconductor-pics,pics
GMD,r-gmd,gmd
SUBREAD,subread,subread
BIOCONDUCTOR-ORG.SS.EG.DB,bioconductor-org.ss.eg.db,null
OUTLIERS,r-outliers,null
BIOCONDUCTOR-BIOMFORMAT,bioconductor-biomformat,biomformat
BIOCONDUCTOR-NTW,bioconductor-ntw,ntw
COMMET,commet,commet
WIGGLETOOLS,wiggletools,null
BIGMEMORY,r-bigmemory,null
HICEXPLORER,hicexplorer,null
BEAST2,beast2,null
SHAREDMEM,sharedmem,null
BEDGRAPHTOBIGWIG,ucsc-bedgraphtobigwig,bedgraphtobigwig
BIOCONDUCTOR-DIFFBIND,bioconductor-diffbind,diffbind
BIOCONDUCTOR-MMDIFF,bioconductor-mmdiff,null
NEIGHBORS,sparse-neighbors-search,null
VNL,vnl,null
BIOCONDUCTOR-MASSSPECWAVELET,bioconductor-massspecwavelet,massspecwavelet
PYRAD,pyrad,null
RAINBOW,rainbow,null
BIOCONDUCTOR-SMAP,bioconductor-smap,smap
BIOCONDUCTOR-CHIPQC,bioconductor-chipqc,chipqc
LOGGING,r-logging,null
PYOMO,pyomo,null
IO,perl-io-zlib,null
CHICAGOTOOLS,chicagotools,null
MAFFETCH,ucsc-maffetch,null
NETSYNTENIC,ucsc-netsyntenic,null
CHAINTOPSLBASIC,ucsc-chaintopslbasic,null
BIOCONDUCTOR-CAMERA,bioconductor-camera,camera
WASABI,r-wasabi,null
LEARNBAYES,r-learnbayes,null
DIRECT,entrez-direct,null
LEVENSHTEIN,python-levenshtein,null
REMATCH2,r-rematch2,null
CEAS,ceas,ceas
BIOCONDUCTOR-BGEEDB,bioconductor-bgeedb,bgeedb
BIOCONDUCTOR-TXDB.SCEREVISIAE.UCSC.SACCER3.SGDGENE,bioconductor-txdb.scerevisiae.ucsc.saccer3.sgdgene,null
NANOSV,nanosv,null
SNNS,snns,null
WEB.PY,web.py,null
ROARY,roary,null
TDBQUERY,ucsc-tdbquery,null
BIOCONDUCTOR-PAIRCOMPVIZ,bioconductor-paircompviz,paircompviz
MASHTREE,mashtree,null
SED,sed,null
STRINGR,r-stringr,null
CORPCOR,r-corpcor,null
PYTHOMICS,pythomics,null
PVALUES,combined-pvalues,null
NLSTRADAMUS,nlstradamus,NLStradamus
XTANDEM,xtandem,xtandem
BIOCONDUCTOR-STATEGRA,bioconductor-stategra,null
NANORAW,nanoraw,null
MINPACK.LM,r-minpack.lm,null
BREAKDANCER,breakdancer,breakdancer
FITTER,fitter,null
GGDENDRO,r-ggdendro,null
SAMBAMBA,sambamba,null
BIOCONDUCTOR-UNIPROT.WS,bioconductor-uniprot.ws,uniprot.ws
BIOCONDUCTOR-AFFYCOMP,bioconductor-affycomp,affycomp
GGTHEMES,r-ggthemes,null
BIOCONDUCTOR-GLOBALTEST,bioconductor-globaltest,globaltest
BIOCONDUCTOR-PROBAMR,bioconductor-probamr,null
RIBOTAPER,ribotaper,ribotaper
VISITOR,visitor,null
SETS,r-sets,null
PRESTO,presto,null
IRFINDER,irfinder,null
CIRCEXPLORER,circexplorer,null
BIOEXT,python-bioext,null
MOOSEX,perl-moosex-fileattribute,null
PYFASTAQ,pyfastaq,null
TRINOTATE,trinotate,null
METFRAG,metfrag,metfrag
FLEXBAR,flexbar,flexbar
FONT,perl-font-afm,null
CPAT,cpat,null
TRIPAL,python-tripal,tripal
BIOCONDUCTOR-SAGENHAFT,bioconductor-sagenhaft,sagenhaft
IGDISCOVER,igdiscover,igdiscover
BIOCONDUCTOR-PSEA,bioconductor-psea,null
TAXMAPPER,taxmapper,null
DENOVOGEAR,denovogear,null
TBB,tbb,null
DEXTRACTOR,dextractor,null
BIGANALYTICS,r-biganalytics,null
MDASIM,mdasim,null
SVDIALOGS,r-svdialogs,null
MOBSTER,mobster,null
BIOCONDUCTOR-CAUSALR,bioconductor-causalr,causalr
HYPHY,python-hyphy-python,null
BEDRESTRICTTOPOSITIONS,ucsc-bedrestricttopositions,null
MERYL,meryl,null
BIOCONDUCTOR-RSAMTOOLS,bioconductor-rsamtools,null
QUORUM,quorum,null
RMFADUPS,ucsc-rmfadups,null
PRANK,prank,prank
BIOCONDUCTOR-SUBSEQ,bioconductor-subseq,subseq
BIOCONDUCTOR-SPLINTER,bioconductor-splinter,splinter
STAMP,stamp,stamp
COLORBREWER,colorbrewer,null
QUASITOOLS,quasitools,null
TIMEDATE,perl-timedate,null
EVALUATESEGMENTATION,visceral-evaluatesegmentation,null
TABVIEW,tabview,null
FUNR,r-funr,null
MINIMAP,minimap,null
ORTHOFINDER,orthofinder,null
EMPEROR,emperor,null
VALIDICTORY,validictory,null
SEQ2HLA,seq2hla,seq2hla
MERCAT,mercat,null
RDFLIB,rdflib,null
PSLTOBED,ucsc-psltobed,null
METACLUSTER,metacluster,null
BIOCONDUCTOR-METASEQ,bioconductor-metaseq,metaseq
BIOCONDUCTOR-RUVSEQ,bioconductor-ruvseq,null
BIOCONDUCTOR-OMICCIRCOS,bioconductor-omiccircos,null
PIRANHA,piranha,piranha
DISCRIMINER,r-discriminer,null
ATAC,atac,atac
AMAP,r-amap,null
RSEQC,rseqc,rseqc
BIOCONDUCTOR-RBM,bioconductor-rbm,rbm
BIOCONDUCTOR-PHYLOSEQ,bioconductor-phyloseq,phyloseq
FORMAT,biom-format,null
GDAL,gdal,null
CPAN,perl-cpan-meta,null
BIGWIGTOWIG,ucsc-bigwigtowig,null
LRZIP,lrzip,null
BIOCONDUCTOR-SWITCHDE,bioconductor-switchde,switchde
PSLCDNAFILTER,ucsc-pslcdnafilter,null
BIOCONDUCTOR-CGHBASE,bioconductor-cghbase,cghbase
OPENXLSX,r-openxlsx,null
BIOCONDUCTOR-ORG.MM.EG.DB,bioconductor-org.mm.eg.db,null
BIOCONDUCTOR-ILLUMINAIO,bioconductor-illuminaio,illuminaio
EBISEARCH,ebisearch,null
BIOCONDUCTOR-ANNOTATIONFUNCS,bioconductor-annotationfuncs,annotationfuncs
BIOCONDUCTOR-PROPER,bioconductor-proper,proper
HASH,perl-hash-merge,null
ROPROFILE.PY,roprofile.py,null
CHOPFALINES,ucsc-chopfalines,null
WATCHDOG,watchdog,null
BIOCONDUCTOR-MGUG4122A.DB,bioconductor-mgug4122a.db,null
BIOCONDUCTOR-PKGDEPTOOLS,bioconductor-pkgdeptools,pkgdeptools
BIOCONDUCTOR-CHRONOS,bioconductor-chronos,null
WAVESLIM,r-waveslim,null
SNVPHYL,bcftools-snvphyl-plugin,null
FILLINGS,burrito-fillings,null
CHAINTOPSL,ucsc-chaintopsl,null
BIOCONDUCTOR-CHIPSEEKER,bioconductor-chipseeker,null
BIOCONDUCTOR-BSGENOME.CELEGANS.UCSC.CE10,bioconductor-bsgenome.celegans.ucsc.ce10,null
PSLSELECT,ucsc-pslselect,null
BIOCONDUCTOR-SSIZE,bioconductor-ssize,ssize
BIOCONDUCTOR-SANGERSEQR,bioconductor-sangerseqr,sangerseqr
CHAINSORT,ucsc-chainsort,null
PYTABIX,pytabix,null
COLOR,perl-color-theme,null
SEQINR,r-seqinr,null
MOZILLA,perl-mozilla-ca,null
CIMPL,r-cimpl,null
KMSURV,r-kmsurv,null
BIOCONDUCTOR-TRIFORM,bioconductor-triform,triform
KLAR,r-klar,null
BIOPYTHON,biopython,biopython
VT,vt,null
SCHEMA,schema,null
GFFUTILS,gffutils,GFFutils
MANORMFAST,manormfast,null
AMOS,amos,amos
SEREAL,perl-sereal-decoder,null
VIRIDIS,r-viridis,null
TN93,tn93,null
LINKER,irida-linker,null
SEMETA,semeta,null
CIRCLIZE,r-circlize,null
UNIPROT,uniprot,null
BIASEDURN,r-biasedurn,null
BIOCONDUCTOR-RAMA,bioconductor-rama,rama
RETRY_DECORATOR,retry_decorator,null
FUSION,star-fusion,Fusion
ONTO,perl-onto-perl,null
MAFRANGES,ucsc-mafranges,null
KNITR,r-knitr,null
RASCAF,rascaf,null
NANOQC,nanoqc,null
BIOCONDUCTOR-PATHNET,bioconductor-pathnet,pathnet
FATOTAB,ucsc-fatotab,null
BIOCONDUCTOR-GAGE,bioconductor-gage,gage
NOVOPLASTY,novoplasty,null
MCE,perl-mce,null
BIGBEDINFO,ucsc-bigbedinfo,null
BIOCONDUCTOR-VBMP,bioconductor-vbmp,vbmp
WDLTOOL,wdltool,null
BIOCONDUCTOR-NUDGE,bioconductor-nudge,nudge
OPTPLUS,optplus,null
RUBY,ruby,null
PROTRAC,protrac,null
SOAPDENOVO2,soapdenovo2,null
SOLARIUS,r-solarius,null
DOWNLOADER,r-downloader,null
VISPR,mageck-vispr,null
OPENMS,openms,openms
MAFCOVERAGE,ucsc-mafcoverage,null
BIOCONDUCTOR-OLIN,bioconductor-olin,olin
PYNAST,pynast,null
BIOCONDUCTOR-VEGA,bioconductor-vega,null
PYPEFLOW,pypeflow,null
IGVTOOLS,igvtools,IGVtools
PASH,pash,pash
HTTP,perl-http-daemon,null
ANTISMASH,antismash,antismash
BIOCONDUCTOR-SPKTOOLS,bioconductor-spktools,null
DORNG,r-dorng,null
SCALAR,perl-scalar-util-numeric,null
PYX,pyx,null
COOLER,cooler,null
BAMTOOLS,bamtools,bamtools
TAP,perl-tap-harness-env,tap
BIOCONDUCTOR-SPEM,bioconductor-spem,null
MIXIN,perl-mixin-linewise,null
SAMTOOLS,samtools,samtools
TOUPPER,ucsc-toupper,null
BIOCONDUCTOR-CELLMAPPER,bioconductor-cellmapper,cellmapper
GNUPLOT,gnuplot,null
BEDWEEDOVERLAPPING,ucsc-bedweedoverlapping,null
ALIGNER,snap-aligner,null
SNPSIFT,snpsift,SnpSift
TWOBITREADER,twobitreader,null
BREAKSEQ2,breakseq2,null
TXIMPORT,r-tximport,tximport
ELASTICLUSTER,elasticluster,null
HAPBIN,hapbin,null
BIOCONDUCTOR-CUMMERBUND,bioconductor-cummerbund,cummerbund
PYTEOMICS,pyteomics,pyteomics
SOAP,perl-soap-lite,soap
PRINSEQ,prinseq,prinseq
FINDPYTHON,r-findpython,null
RUST,rust,null
STATS,assembly-stats,null
SAK,sak,null
CLUSTERGRAMMER,clustergrammer,null
CHECKFLOWTYPES,ig-checkflowtypes,null
BIOCONDUCTOR-GCRMA,bioconductor-gcrma,gcrma
BIOCONDUCTOR-BSGENOME,bioconductor-bsgenome,null
GFFCOMPARE,gffcompare,gffcompare
BIOCONDUCTOR-TRIPLEX,bioconductor-triplex,triplex
ANGSD,angsd,angsd
QATOQAC,ucsc-qatoqac,null
BIO_ASSEMBLY_REFINEMENT,bio_assembly_refinement,null
BIOCONDUCTOR-MADE4,bioconductor-made4,made4
BEDITEMOVERLAPCOUNT,ucsc-beditemoverlapcount,null
GATK4,gatk4,null
FLEXMIX,r-flexmix,null
BIOCONDUCTOR-PREPROCESSCORE,bioconductor-preprocesscore,preprocesscore
TRY,perl-try-tiny,null
CASSIOPEE,cassiopee,null
VIRMET,virmet,null
RAPMAP,rapmap,null
BIOCONDUCTOR-SIGHTS,bioconductor-sights,sights
BIOCONDUCTOR-MULCOM,bioconductor-mulcom,mulcom
MAXENTSCAN,maxentscan,null
BIOCONDUCTOR-EBARRAYS,bioconductor-ebarrays,ebarrays
PIPELINES,cgat-pipelines-nosetests,null
BIOCONDUCTOR-SWATHXTEND,bioconductor-swathxtend,swathxtend
NETREG,netreg,null
BIOCONDUCTOR-MOTIFBREAKR,bioconductor-motifbreakr,motifbreakr
BIOCONDUCTOR-TXDB.HSAPIENS.UCSC.HG19.KNOWNGENE,bioconductor-txdb.hsapiens.ucsc.hg19.knowngene,null
PEDDY,peddy,null
LOG,perl-log-log4perl,null
ILLUMINATE,illuminate,illuminate
HTSBOX,htsbox,null
CHANJO,chanjo,null
CHECKTABLECOORDS,ucsc-checktablecoords,null
CWL,arvados-cwl-runner,null
BIOCONDUCTOR-NETBIOV,bioconductor-netbiov,null
FRC,frc,null
PARSE,perl-parse-recdescent,null
SNOW,r-snow,snow
XML,junit-xml,null
XXMOTIF,xxmotif,xxmotif
CANSAM,cansam,null
B,perl-b-hooks-endofscope,null
RDOCK,rdock,null
INTERVALSTATS,intervalstats,null
BIOCONDUCTOR-QUANTRO,bioconductor-quantro,quantro
R.DEVICES,r-r.devices,null
ALAKAZAM,r-alakazam,null
BIOCONDUCTOR-GRAPH,bioconductor-graph,graph
MINIALIGN,minialign,null
HMMER,hmmer,null
BIOCONDUCTOR-BISEQ,bioconductor-biseq,biseq
WGSIM,wgsim,null
ITERTOOLS,r-itertools,null
RECYCLER,recycler,null
BIOCONDUCTOR-TXDB.HSAPIENS.UCSC.HG19.LINCRNASTRANSCRIPTS,bioconductor-txdb.hsapiens.ucsc.hg19.lincrnastranscripts,null
FDRTOOL,r-fdrtool,null
FASTOOL,fastool,Fastool
SCOPE,perl-scope-guard,scope
BATS,bats,null
GENEPREDTOFAKEPSL,ucsc-genepredtofakepsl,null
SCRM,r-scrm,null
BIOCONDUCTOR-NPGSEA,bioconductor-npgsea,npgsea
BASE,perl-base,base
LIBSEQUENCE,libsequence,null
BLIB,perl-blib,null
MCL,mcl,null
BIOCONDUCTOR-MGFR,bioconductor-mgfr,mgfr
DATAMASH,datamash,null
TARGETFINDER,targetfinder,null
HISAT2,hisat2,HISAT2
SPDEP,r-spdep,null
SKELLAM,r-skellam,null
XNOMIAL,r-xnomial,null
TSSAR,tssar,null
MAFTOSNPBED,ucsc-maftosnpbed,null
ERICSCRIPT,ericscript,null
W4MCLASSFILTER,w4mclassfilter,null
PRESTOR,prestor,null
GENBLASTA,genblasta,null
BIOCONDUCTOR-GOTHIC,bioconductor-gothic,gothic
COBRA,cobra,null
SCOARY,scoary,Scoary
TRANSABYSS,transabyss,trans-abyss
BIOCONDUCTOR-BEAT,bioconductor-beat,null
BIOCONDUCTOR-KEGG.DB,bioconductor-kegg.db,null
STRUCTURE,structure,Structure
RSCAPE,rscape,null
SVTOOLS,svtools,null
TEXT,perl-text-wrap,null
SEGWAY,segway,segway
FLOCK,flock,null
BIOCONDUCTOR-PAPI,bioconductor-papi,papi
JSON,perl-json,null
MACS2,macs2,null
FLAIMAPPER,flaimapper,null
GRAPHLAN,graphlan,null
BIOCONDUCTOR-MGSA,bioconductor-mgsa,mgsa
BIGPSLTOPSL,ucsc-bigpsltopsl,null
DENDEXTEND,r-dendextend,null
VDJER,vdjer,null
BIOCONDUCTOR-RINGO,bioconductor-ringo,ringo
SET,perl-set-intervaltree,null
YAML,perl-yaml-tiny,null
K128,abyss-k128,null
STAR,star,star
GLOBALOPTIONS,r-globaloptions,null
PLANT_TRIBES_GENE_FAMILY_CLASSIFIER,plant_tribes_gene_family_classifier,null
PREPARE,soapdenovo2-prepare,null
PLOTLY,r-plotly,null
BIOCONDUCTOR-EBSEQ,bioconductor-ebseq,ebseq
SAFE,perl-safe,null
METAMETAMERGE,metametamerge,null
TWOBITDUP,ucsc-twobitdup,null
GAWK,gawk,null
PYDNA,pydna,null
IBDNE,ibdne,null
MSGF_PLUS,msgf_plus,null
BOWTIE,bowtie,bowtie
TOOLKIT,clever-toolkit,ctk
OVERLAPS,rust-overlaps,null
BIOCONDUCTOR-SEPA,bioconductor-sepa,sepa
BIOCONDUCTOR-SEQPATTERN,bioconductor-seqpattern,seqpattern
MAFSPLIT,ucsc-mafsplit,null
BIOCONDUCTOR-LIMMA,bioconductor-limma,null
NAMESPACE,perl-namespace-clean,null
INTEGRATE,ra-integrate,null
ANT,ant,null
SEEKER2,bs-seeker2,null
PROTEOWIZARD,proteowizard,proteowizard
LAPACK,lapack,null
R.FILESETS,r-r.filesets,null
AUTOLOADER,perl-autoloader,null
CURESIM,curesim,null
KRONIK,kronik,null
SALAD,schema-salad,salad
PHYL,bpp-phyl,null
XMLBUILDER,xmlbuilder,null
HGLOADCHAIN,ucsc-hgloadchain,null
TIME,perl-time-piece,null
XMLTOSQL,ucsc-xmltosql,null
POSIX,perl-posix,null
ARIBA,ariba,null
BIOCONDUCTOR-SIGNER,bioconductor-signer,signer
RECON,recon,recon
BIOCONDUCTOR-RRDP,bioconductor-rrdp,rrdp
MULTIGPS,multigps,null
INFERNAL,infernal,null
DDOCENT,ddocent,null
PRONTO,pronto,null
HICHIPPER,hichipper,null
QFILT,qfilt,null
HTMLTOOLS,r-htmltools,null
IDPMISC,r-idpmisc,null
FIND_DIFFERENTIAL_PRIMERS,find_differential_primers,null
PHIPACK,phipack,null
BIOCONDUCTOR-BIOCPARALLEL,bioconductor-biocparallel,biocparallel
GAMLSS.DIST,r-gamlss.dist,null
HGLOADMAF,ucsc-hgloadmaf,null
INFINITY,infinity,null
SCRIPTS,cgat-scripts,null
BIOEPIC,bioepic,null
BIOCONDUCTOR-SEQLOGO,bioconductor-seqlogo,seqlogo
BIOCONDUCTOR-GENOMICRANGES,bioconductor-genomicranges,genomicranges
MATLAB,r-matlab,null
SAMSIFT,samsift,null
BIOCONDUCTOR-ARRAYTOOLS,bioconductor-arraytools,null
MIRANDA,miranda,null
XMLCAT,ucsc-xmlcat,null
FLOWR,r-flowr,null
RAZERS3,razers3,null
RUFFUS,ruffus,null
SAM,sam,null
DAZZ_DB,dazz_db,null
DWGSIM,dwgsim,null
PDFKIT,pdfkit,null
NEXTSEQ,bcl2fastq-nextseq,null
PACBIO_FALCON,pacbio_falcon,null
ONCOFUSE,oncofuse,null
PBH5TOOLS,pbh5tools,null
FTPUTIL,ftputil,null
PYLIBSEQ,pylibseq,null
GSORT,gsort,null
FREEBAYES,freebayes,freebayes
BIGWIGCLUSTER,ucsc-bigwigcluster,null
CHAINFILTER,ucsc-chainfilter,null
BIOCONDUCTOR-BBCANALYZER,bioconductor-bbcanalyzer,null
TEDNA,tedna,null
BIOCONDUCTOR-TXDB.MMUSCULUS.UCSC.MM10.ENSGENE,bioconductor-txdb.mmusculus.ucsc.mm10.ensgene,null
RAD_HAPLOTYPER,rad_haplotyper,null
RFOC,r-rfoc,null
INDELFIXER,indelfixer,null
FILESYS,perl-filesys-df,null
LAVTOPSL,ucsc-lavtopsl,null
HEAP,perl-heap-simple-xs,null
MASH,mash,null
FIJI,fiji,null
BIOCONDUCTOR-GOSEMSIM,bioconductor-gosemsim,null
PEAKRANGER,peakranger,peakranger
BEDTOGENEPRED,ucsc-bedtogenepred,null
ATROPOS,atropos,null
PILON,pilon,null
CRAMTOOLS,cramtools,CRAMTools
LIBMUSCLE,libmuscle,null
FERMIKIT,fermikit,null
SNPEFF,snpeff,snpeff
RMATS2SASHIMIPLOT,rmats2sashimiplot,null
FISHER,fisher,null
STELLAR,stellar,null
BIOCONDUCTOR-MIPP,bioconductor-mipp,mipp
CIRCEXPLORER2,circexplorer2,null
RTSNE,r-rtsne,null
SNOWFALL,r-snowfall,null
QIIMER,r-qiimer,null
BEDGENEPARTS,ucsc-bedgeneparts,null
MOO,perl-moo,null
QSIGNATURE,qsignature,null
CSB,csb,null
CRTREEINDEXBED,ucsc-crtreeindexbed,null
MAXLIK,r-maxlik,null
CANSNPER,cansnper,null
BIOCONDUCTOR-BICARE,bioconductor-bicare,bicare
BIOPET,biopet,null
KNEADDATA,kneaddata,null
SOAPSPLICE,soapsplice,SOAPsplice
LIBMAGIC,libmagic,null
AXTSWAP,ucsc-axtswap,null
BARCODES,singlecell-barcodes,null
BIOCONDUCTOR-RGSEA,bioconductor-rgsea,rgsea
TANTAN,tantan,null
SECIMTOOLS,secimtools,null
KM.CI,r-km.ci,null
AXTTOMAF,ucsc-axttomaf,null
BIOCONDUCTOR-REGIONER,bioconductor-regioner,regioner
ADDRG,addrg,null
OPENBABEL,openbabel,null
KOBAS,kobas,kobas
DDRAGE,ddrage,null
LEFSE,lefse,null
BIOCONDUCTOR-ORG.DR.EG.DB,bioconductor-org.dr.eg.db,null
CHANGEPOINT,r-changepoint,null
NASTISEQ,r-nastiseq,nastiseq
R.OO,r-r.oo,null
AND,fastq-and-furious,null
FASTMATCH,r-fastmatch,null
SURE,sure,null
OASES,oases,oases
ADDCOLS,ucsc-addcols,null
PRROC,r-prroc,null
BIOCONDUCTOR-PROFIA,bioconductor-profia,profia
FUTILE.OPTIONS,r-futile.options,null
BIOCONDUCTOR-DEEPSNV,bioconductor-deepsnv,deepsnv
BEDINTERSECT,ucsc-bedintersect,null
DXPY,dxpy,null
BIOCONDUCTOR-SAFE,bioconductor-safe,null
ALIGN_IT,align_it,null
GROMACS,gromacs,gromacs
PSCL,r-pscl,null
GENBLASTG,genblastg,null
POA,poa,null
GENOMEDATA,genomedata,genomedata
SPANKI,spanki,null
HICUP,hicup,hicup
LACE,lace,null
TREEBEST,treebest,null
STRINGMLST,stringmlst,null
MSPROTEOMICSTOOLS,msproteomicstools,null
BIOCONDUCTOR-PANNBUILDER,bioconductor-pannbuilder,null
REGEXP,perl-regexp-common,null
SCREED,screed,null
VCFLATTEN,vcflatten,null
MAFSPECIESLIST,ucsc-mafspecieslist,null
CARNA,carna,carna
RNACODE,rnacode,null
FFTWTOOLS,r-fftwtools,null
FASTME,fastme,fastme
VARIABLE,perl-variable-magic,null
BIOCONDUCTOR-FLOWDENSITY,bioconductor-flowdensity,flowdensity
FORKS,perl-forks,null
TRANSCOMB,transcomb,null
DIAMOND,diamond,Diamond
DISCO,dr-disco,null
SAMBLASTER,samblaster,null
POSITIONALTBLCHECK,ucsc-positionaltblcheck,null
COMPRESS,perl-compress-raw-bzip2,null
CHAINSTITCHID,ucsc-chainstitchid,null
DBCHIP,r-dbchip,dbchip
BLOCKMODELING,r-blockmodeling,null
BIOCONDUCTOR-ABSSEQ,bioconductor-absseq,absseq
MYGENE,mygene,null
FWDPY11,fwdpy11,null
MDUST,mdust,null
SPARSEHASH,google-sparsehash,null
BWA,bwa,bwa
PYALVEO,pyalveo,null
BIGMEMORY.SRI,r-bigmemory.sri,null
RGI,rgi,null
INLINEDOCS,r-inlinedocs,null
EXTRACT_FULLSEQ,extract_fullseq,null
BIOCONDUCTOR-SEQGSEA,bioconductor-seqgsea,seqgsea
VEGAN,r-vegan,null
BIOCONDUCTOR-BSGENOME.CELEGANS.UCSC.CE6,bioconductor-bsgenome.celegans.ucsc.ce6,null
BIOCONDUCTOR-R3CSEQ,bioconductor-r3cseq,r3cseq
GARNET,garnet,null
GRIDSS,gridss,gridss
ERNE,erne,erne
PYMZML,pymzml,pymzml
BIOCONDUCTOR-ORG.GG.EG.DB,bioconductor-org.gg.eg.db,null
LWP,perl-lwp-simple,null
BAYESCAN,bayescan,null
READONLY,perl-readonly,null
BIOCONDUCTOR-MULTIMED,bioconductor-multimed,null
GENOMICASSERTIONS,genomicassertions,null
FERMI,fermi,null
VALIDATORS,validators,null
SIXGILL,sixgill,null
PLINK,plink,PLINK
BIOCONDUCTOR-FLOWVIZ,bioconductor-flowviz,null
BIOCONDUCTOR-PARODY,bioconductor-parody,parody
PRESEQ,preseq,null
KERNLAB,r-kernlab,null
PEGEX,perl-pegex,null
BIOCONDUCTOR-PLW,bioconductor-plw,plw
GQT,gqt,null
BEDREMOVEOVERLAP,ucsc-bedremoveoverlap,null
BIOCONDUCTOR-SGSEQ,bioconductor-sgseq,null
BIOCONDUCTOR-TEQC,bioconductor-teqc,teqc
BIOCONDUCTOR-ACGH,bioconductor-acgh,acgh
BIOCONDUCTOR-PANP,bioconductor-panp,panp
YAGGO,yaggo,null
SAMR,r-samr,null
MISCTOOLS,r-misctools,null
GETOPT,perl-getopt-long,null
VARIANT,platypus-variant,platypus
BIOCONDUCTOR-MOTIFDB,bioconductor-motifdb,motifdb
EQTLBMA,eqtlbma,eQtlBma
GOLEFT,goleft,null
MASKOUTFA,ucsc-maskoutfa,null
BIOCONDUCTOR-RNASEQPOWER,bioconductor-rnaseqpower,rnaseqpower
SPARC,sparc,null
BIOCONDUCTOR-ACDE,bioconductor-acde,acde
BFC,bfc,null
SAVAGE,savage,null
SECAPR,secapr,null
BAMM,bamm,null
TAKEABREAK,takeabreak,takeabreak
BEDTOBIGBED,ucsc-bedtobigbed,null
DENDROPY,dendropy,null
CONVERT,perl-convert-binhex,null
POLYNOM,r-polynom,null
CLUSTALO,clustalo,null
NIBSIZE,ucsc-nibsize,null
BIOCONDUCTOR-SSVIZ,bioconductor-ssviz,ssviz
MINVAR,minvar,null
BIOCONDUCTOR-MANTA,bioconductor-manta,manta
BIOCONDUCTOR-RIPSEEKER,bioconductor-ripseeker,ripseeker
TRIM,sickle-trim,sickle
BEDCOMMONREGIONS,ucsc-bedcommonregions,null
PYTHON3,avro-python3,null
NANOSTAT,nanostat,null
SV,lumpy-sv,null
CYVCF2,cyvcf2,null
T_COFFEE,t_coffee,tcoffee
BIOCONDUCTOR-DEGREPORT,bioconductor-degreport,degreport
BIOCONDUCTOR-GENOMATION,bioconductor-genomation,null
CISO8601,ciso8601,null
BIOCONDUCTOR-PEPXMLTAB,bioconductor-pepxmltab,pepxmltab
EMPIRICALFDR.DESEQ2,r-empiricalfdr.deseq2,null
BIOCONDUCTOR-TSPAIR,bioconductor-tspair,tspair
RECONDITION,tophat-recondition,null
LIGHTNING,lightning,null
BIOCONDUCTOR-POLYFIT,bioconductor-polyfit,polyfit
INTEMAP,intemap,null
GHMM,ghmm,null
BIOCONDUCTOR-AIMS,bioconductor-aims,null
BIOCONDUCTOR-MPFE,bioconductor-mpfe,mpfe
NANOPLOTTER,nanoplotter,null
PROSOLO,prosolo,null
TETOOLKIT,tetoolkit,null
CHEWBBACA,chewbbaca,null
FAONERECORD,ucsc-faonerecord,null
BIOCONDUCTOR-STARANK,bioconductor-starank,null
TOOLSHED,toolshed,null
EOULSAN,eoulsan,null
PSLPRETTY,ucsc-pslpretty,null
BLAT,blat,blat
PRABCLUS,r-prabclus,null
HWRITER,r-hwriter,null
TICKTODATE,ucsc-ticktodate,null
GENOME,ncbi-genome-download,null
XCFTOOLS,xcftools,null
PLASTID,plastid,null
MOTUS,motus,motus
NET,perl-net-http,null
DENSITYCLUST,r-densityclust,null
SETUPTOOLS_CYTHON,setuptools_cython,null
FASTA3,fasta3,null
BIOCONDUCTOR-BUMPHUNTER,bioconductor-bumphunter,bumphunter
DIGEST,perl-digest-md5,null
TOIL,toil,null
BIOCONDUCTOR-METHTARGETEDNGS,bioconductor-methtargetedngs,methtargetedngs
SPEAQ,r-speaq,null
CWLTEST,cwltest,null
BIOCONDUCTOR-IMPUTE,bioconductor-impute,impute
LIBWWW,perl-libwww-perl,null
FAALIGN,ucsc-faalign,null
SELSCAN,selscan,selscan
SURVIVOR,survivor,null
PROSIC,prosic,null
BIOM,r-biom,null
EXPARNA,exparna,exparna
ART,art,null
CLASS,perl-class-load,null
SOAPEC,soapec,null
BIOCONDUCTOR-STRINGDB,bioconductor-stringdb,stringdb
RCPPGSL,r-rcppgsl,null
BMFILTER,bmfilter,null
TSNE,r-tsne,null
BIOCONDUCTOR-BSGENOME.HSAPIENS.UCSC.HG38,bioconductor-bsgenome.hsapiens.ucsc.hg38,null
FASTQTOFA,ucsc-fastqtofa,null
BIOCONDUCTOR-MULTTEST,bioconductor-multtest,multtest
NSPDK,nspdk,null
FASTQC,fastqc,fastqc
GIT,perl-git-wrapper-plus,null
HAPFLK,hapflk,null
BMA,r-bma,null
BIOCONDUCTOR-MGFM,bioconductor-mgfm,mgfm
PARAFLY,parafly,null
TEXTINPUT,textinput,null
PYEXCELERATOR,pyexcelerator,null
MISC3D,r-misc3d,null
BIOCONDUCTOR-SIMBINDPROFILES,bioconductor-simbindprofiles,simbindprofiles
BIOCONDUCTOR-BIOBASE,bioconductor-biobase,biobase
BIOCONDUCTOR-SISPA,bioconductor-sispa,sispa
SUBCOLUMN,ucsc-subcolumn,null
BIOCONDUCTOR-MICHIP,bioconductor-michip,michip
DSRC,dsrc,dsrc
DEFAULT,qiime-default-reference,null
GAT,gat,gat
NASP,nasp,null
BIOCONDUCTOR-NNNORM,bioconductor-nnnorm,nnnorm
BIOCONDUCTOR-MESSINA,bioconductor-messina,null
GCLIB,gclib,null
LAST,last,last
BIO_HANSEL,bio_hansel,null
LONGITUDINAL,r-longitudinal,null
BIOCONDUCTOR-SUSHI,bioconductor-sushi,sushi
BIOCONDUCTOR-MOTIFSTACK,bioconductor-motifstack,null
DATASMOOTH,scikits-datasmooth,null
BIOCONDUCTOR-BASIC4CSEQ,bioconductor-basic4cseq,basic4cseq
GENEIMPACTS,geneimpacts,null
BIOCONDUCTOR-BIOSTRINGS,bioconductor-biostrings,null
SHAPE_IT,shape_it,null
BIOCONDUCTOR-RMAT,bioconductor-rmat,rmat
BIOCONDUCTOR-HOM.HS.INP.DB,bioconductor-hom.hs.inp.db,null
BEAST,beast,beast
CLARK,clark,clark
QTIP,qtip,null
PYMVPA,pymvpa,null
DOMINATE,dominate,null
RACON,racon,null
BIOCONDUCTOR-GOSEQ,bioconductor-goseq,goseq
BIOCONDUCTOR-CARDINAL,bioconductor-cardinal,null
WARNINGS,perl-warnings-register,null
FADAPA,fadapa,null
GFF3TOPSL,ucsc-gff3topsl,null
PHYLOFLASH,phyloflash,null
BIOCONDUCTOR-TARSEQQC,bioconductor-tarseqqc,null
STARSEQR,starseqr,null
BIOCONDUCTOR-GSVA,bioconductor-gsva,gsva
DETONATE,detonate,null
GSALIB,r-gsalib,null
PYSVG,pysvg,null
CGI,perl-cgi,null
BIOCONDUCTOR-OSCOPE,bioconductor-oscope,oscope
MISSFOREST,r-missforest,null
BIOCONDUCTOR-SIGGENES,bioconductor-siggenes,siggenes
PYOPT,pyopt,null
PYVCF,pyvcf,null
BIOCONDUCTOR-RPA,bioconductor-rpa,rpa
MAFSINREGION,ucsc-mafsinregion,null
BIOCONDUCTOR-FOURCSEQ,bioconductor-fourcseq,null
BIOCONDUCTOR-RNITS,bioconductor-rnits,rnits
BIOCONDUCTOR-TRIO,bioconductor-trio,trio
ZIFA,zifa,null
BIOBAMBAM,biobambam,null
BIOCONDUCTOR-BIOCVIEWS,bioconductor-biocviews,biocviews
PLASMIDPROFILER,r-plasmidprofiler,null
BIOCONDUCTOR-CNTOOLS,bioconductor-cntools,cntools
XGBOOST,xgboost,null
ARGH,argh,null
BIOCONDUCTOR-ALDEX2,bioconductor-aldex2,null
TEPID,tepid,null
DEAP,deap,null
MIRSEQ,cap-mirseq,null
AVRO,avro,null
QQMAN,r-qqman,null
VERSION,perl-version-next,null
NETFILTER,ucsc-netfilter,null
BIOCONDUCTOR-OMICADE4,bioconductor-omicade4,null
PANTOOLS,pantools,null
FWDPP,fwdpp,null
BIOCONDUCTOR-PATH2PPI,bioconductor-path2ppi,path2ppi
OMERO,python-omero,null
EIGEN,eigen,null
BIOCONDUCTOR-S4VECTORS,bioconductor-s4vectors,s4vectors
BIOCONDUCTOR-TXDB.DRERIO.UCSC.DANRER10.REFGENE,bioconductor-txdb.drerio.ucsc.danrer10.refgene,null
MUSIC,music,null
QUAKE,quake,quake
FATOFASTQ,ucsc-fatofastq,null
MENTALIST,mentalist,null
BIOCONDUCTOR-GENEBREAK,bioconductor-genebreak,null
RUAMEL.YAML,ruamel.yaml,null
BIOCONDUCTOR-GENOMICALIGNMENTS,bioconductor-genomicalignments,genomicalignments
FACTOMINER,r-factominer,null
BIOCONDUCTOR-MERGEMAID,bioconductor-mergemaid,mergemaid
RIBOPLOT,riboplot,null
BAMBAMC,bambamc,null
PSLTOBIGPSL,ucsc-psltobigpsl,null
CHROMGRAPHTOBIN,ucsc-chromgraphtobin,null
WHAM,wham,wham
VERIFYBAMID,verifybamid,verifybamid
LIMIX,limix,limix
HGLOADWIGGLE,ucsc-hgloadwiggle,null
SMALT,smalt,Smalt
BIOCONDUCTOR-IHW,bioconductor-ihw,null
INTERVALTREE_BIO,intervaltree_bio,null
PANOCT,panoct,null
BIOCONDUCTOR-WEAVER,bioconductor-weaver,weaver
BIOCONDUCTOR-TXDB.SCEREVISIAE.UCSC.SACCER2.SGDGENE,bioconductor-txdb.scerevisiae.ucsc.saccer2.sgdgene,null
JPEG,r-jpeg,null
TRIFORM2,triform2,null
R.CACHE,r-r.cache,null
BIOCONDUCTOR-ASGSCA,bioconductor-asgsca,asgsca
COREUTILS,coreutils,null
BIOCONDUCTOR-DEXSEQ,bioconductor-dexseq,dexseq
RSOLNP,r-rsolnp,null
CRISPER_RECOGNITION_TOOL,crisper_recognition_tool,null
REPEATMODELER,repeatmodeler,RepeatModeler
SIMPLEJSON,simplejson,null
CYVCF,cyvcf,null
DELAPORTE,r-delaporte,null
DISAMBIGUATE,ngs-disambiguate,null
GHC,ghc,null
BIOCONDUCTOR-SCAN.UPC,bioconductor-scan.upc,scan.upc
PIZZLY,pizzly,null
PSLREPS,ucsc-pslreps,null
FATOTWOBIT,ucsc-fatotwobit,null
MAFFRAGS,ucsc-maffrags,null
WGCNA,r-wgcna,wgcna
BIOCONDUCTOR-MIRAGE,bioconductor-mirage,mirage
FARANDOMIZE,ucsc-farandomize,null
BIOCONDUCTOR-CNER,bioconductor-cner,cner
SQL,perl-sql-statement,null
CMV,cmv,null
SCALA,scala,null
PSLSTATS,ucsc-pslstats,null
XSLOADER,perl-xsloader,null
CLEARCUT,clearcut,null
PYTHONPY,pythonpy,null
SEEDME,seedme,null
LAP,lap,null
PBBAM,pbbam,null
FILE,perl-file-next,null
BIOCONDUCTOR-CASPER,bioconductor-casper,casper
VARIATION,bcbio-variation-recall,null
REAGO,reago,null
EXPORT2GRAPHLAN,export2graphlan,null
JEMALLOC,jemalloc,null
FASTAHACK,fastahack,null
MIRDEEP2,mirdeep2,null
UPSETR,r-upsetr,null
TACO,taco,null
GLPK,glpk,null
IDR,idr,null
KISSPLICE,kissplice,null
IMPUTE2,impute2,IMPUTE2
RJSON,r-rjson,null
OCRAD,ocrad,null
ADAM,adam,ADAM
BIOCONDUCTOR-FLOWFP,bioconductor-flowfp,null
BIOCONDUCTOR-MULTIDATASET,bioconductor-multidataset,multidataset
BIOCONDUCTOR-OUTLIERD,bioconductor-outlierd,outlierd
BRACKEN,bracken,Bracken
READBRUKERFLEXDATA,r-readbrukerflexdata,null
LIBDB,libdb,null
PYMIX,pymix,null
BIOCONDUCTOR-ORG.BT.EG.DB,bioconductor-org.bt.eg.db,null
RELATIONS,r-relations,null
CIRCOS,circos,circos
DELLY,delly,null
NETTOAXT,ucsc-nettoaxt,null
XDG,xdg,null
POUT2MZID,pout2mzid,null
PDF,perl-pdf-api2,null
UNICODE,perl-unicode-normalize,null
REVEAL,reveal,null
CHECKMATE,r-checkmate,null
DLCPAR,dlcpar,null
SPP,r-spp,spp
BLOOM,perl-bloom-faster,null
ARAGORN,aragorn,null
BIOFLUFF,biofluff,null
MIXTOOLS,r-mixtools,null
BIOCONDUCTOR-ANNOTATIONTOOLS,bioconductor-annotationtools,annotationtools
CRYPT,perl-crypt-openssl-random,null
EXPORTER,perl-exporter-tidy,null
IDBA,idba,idba
RDFEXTRAS,rdfextras,null
AUTOSQL,ucsc-autosql,null
FRAMEWORK,gatk-framework,null
IBDSEQ,ibdseq,IBDseq
BIOCONDUCTOR-NUCLEOSIM,bioconductor-nucleosim,nucleosim
GENOMEBASER,genomebaser,null
GENENET,r-genenet,null
CONSENSUSCORE,python-consensuscore,null
RMAP,rmap,rmap
PARENT,perl-parent,null
PROOT,proot,null
PSLTOCHAIN,ucsc-psltochain,null
POTRACE,potrace,null
HMMLEARN,hmmlearn,null
BIOCONDUCTOR-TSSI,bioconductor-tssi,tssi
RUBIC,r-rubic,null
TRF,trf,Trf
R.METHODSS3,r-r.methodss3,null
BIOCONDUCTOR-SPECOND,bioconductor-specond,specond
PYGRAPHVIZ,pygraphviz,null
XXHASH,xxhash,null
BIOCONDUCTOR-CQN,bioconductor-cqn,null
HIT,cd-hit,hit
LIST,perl-list-compare,null
BIGWIGSUMMARY,ucsc-bigwigsummary,null
CANU,canu,null
HOMER,homer,null
BIOCONDUCTOR-GVIZ,bioconductor-gviz,gviz
GEODL,geodl,null
BIOCONDUCTOR-TSCAN,bioconductor-tscan,tscan
RENTREZ,r-rentrez,null
WUB,wub,null
BRAKER,braker,null
BIOCONDUCTOR-MIRNATAP,bioconductor-mirnatap,null
HISTONEHMM,r-histonehmm,null
METILENE,metilene,null
DIST,perl-dist-checkconflicts,null
DATA_HACKS,data_hacks,null
MLST,mlst,mlst
RGRAPHICS,r-rgraphics,null
BCBIO_MONITOR,bcbio_monitor,null
INTERVENE,intervene,Intervene
AXTCHAIN,ucsc-axtchain,null
MATHSTATS,mathstats,null
BIOCONDUCTOR-PROMISE,bioconductor-promise,promise
BAMUTIL,bamutil,Bamutil
HERA,hera,null
LOG4CPP,log4cpp,null
PSLDROPOVERLAP,ucsc-psldropoverlap,null
PY2BIT,py2bit,null
SCOOP,scoop,null
PYUTILIB,pyutilib,null
BAITFISHER,baitfisher,null
BIOCONDUCTOR-RGSEPD,bioconductor-rgsepd,null
MAXBIN2,maxbin2,null
MMGENOME,r-mmgenome,null
SPADES,spades,Spades
BIOCONDUCTOR-PCAEXPLORER,bioconductor-pcaexplorer,pcaexplorer
SEMIDBM,semidbm,null
MSMS,msms,msms
DASCRUBBER,dascrubber,null
BIOCONDUCTOR-STEPNORM,bioconductor-stepnorm,stepnorm
BIOCONDUCTOR-IPO,bioconductor-ipo,ipo
EMBOSS,emboss,EMBOSS
VEP,ensembl-vep,vep
BIOCONDUCTOR-MIRNAPATH,bioconductor-mirnapath,null
CAROLINE,r-caroline,null
EPYDOC,epydoc,null
WRITEXLS,r-writexls,null
GALAXY_SEQUENCE_UTILS,galaxy_sequence_utils,null
HTSEQ,htseq,htseq
GROUP_HUMANN2_UNIREF_ABUNDANCES_TO_GO,group_humann2_uniref_abundances_to_go,null
PRETTYUNITS,r-prettyunits,null
BIOCONDUCTOR-SHORTREAD,bioconductor-shortread,shortread
OCOCO,ococo,null
XTERMCOLOR,xtermcolor,null
COMPUTE.ES,r-compute.es,null
GENEPREDTOMAFFRAMES,ucsc-genepredtomafframes,null
PRIMERPROSPECTOR,primerprospector,null
BIOCONDUCTOR-MLP,bioconductor-mlp,mlp
EXTERN,extern,null
DBD,perl-dbd-mysql,dbd
MAPSEMBLER2,mapsembler2,null
BIOCONDUCTOR-AFFYPDNN,bioconductor-affypdnn,affypdnn
BIGBEDTOBED,ucsc-bigbedtobed,null
BIOCONDUCTOR-MVGST,bioconductor-mvgst,mvgst
BIOCONDUCTOR-OTUBASE,bioconductor-otubase,otubase
BIOCONDUCTOR-RGRAPH2JS,bioconductor-rgraph2js,rgraph2js
CRISPRESSO,crispresso,null
BIOCONDUCTOR-SSEQ,bioconductor-sseq,sseq
CONNECTOR,mysql-connector-c,null
SYMBOL,perl-symbol,null
SINGULARITY,singularity,null
BLASTTOPSL,ucsc-blasttopsl,null
YANAGIBA,yanagiba,null
HDRCDE,r-hdrcde,null
METAWATT,metawatt,null
GHOSTSCRIPT,ghostscript,null
OFFICIAL,gprofiler-official,null
PED_PARSER,ped_parser,null
LOCFDR,r-locfdr,null
IREP,irep,null
KMC,kmc,null
BIOCONDUCTOR-ORG.HS.EG.DB,bioconductor-org.hs.eg.db,null
CAP3,cap3,null
BIOCONDUCTOR-METACCA,bioconductor-metacca,metacca
RMATS,rmats,null
VCFTOOLS,perl-vcftools-vcf,vcftools
QACTOWIG,ucsc-qactowig,null
SISTR_CMD,sistr_cmd,null
TIE,perl-tie-ixhash,null
BIOCONDUCTOR-METHYLMNM,bioconductor-methylmnm,null
BIOCONDUCTOR-TERNARYNET,bioconductor-ternarynet,null
TOPOSORT,toposort,null
FF,r-ff,ff
BIOCONDUCTOR-VSN,bioconductor-vsn,vsn
DUNN.TEST,r-dunn.test,null
MS,ms,ms
BIGWIGCORRELATE,ucsc-bigwigcorrelate,null
SEQTK,seqtk,seqtk
SFF2FASTQ,sff2fastq,sff2fastq
EDEN,eden,null
CATDIR,ucsc-catdir,null
HTMLWIDGETS,r-htmlwidgets,null
VCF2MAF,vcf2maf,null
TESSERACT,tesseract,null
SCALPEL,scalpel,null
BIOCONDUCTOR-SIZEPOWER,bioconductor-sizepower,sizepower
UDOCKER,udocker,null
CHECKFCS,ig-checkfcs,null
HAP.PY,hap.py,null
AMEME,ucsc-ameme,null
AVECOLS,ucsc-avecols,null
MBUFFER,mbuffer,null
BIOCONDUCTOR-GENOMEINFODB,bioconductor-genomeinfodb,null
SRST2,srst2,null
ALGORITHM,perl-algorithm-munkres,null
BIOCONDUCTOR-RIMMPORT,bioconductor-rimmport,rimmport
FUMA,fuma,null
NMRML2ISA,nmrml2isa,null
BIOCONDUCTOR-AFFYEXPRESS,bioconductor-affyexpress,null
ALLEL,scikit-allel,null
SETUPTOOLS_SCM,setuptools_scm,null
PBCORE,pbcore,null
AOD,r-aod,null
FIELDS,r-fields,null
GB_TAXONOMY_TOOLS,gb_taxonomy_tools,null
BEDSORT,ucsc-bedsort,null
PTW,r-ptw,null
GEOMAP,r-geomap,null
BIOCONDUCTOR-GSEABASE,bioconductor-gseabase,gseabase
FASTLMM,fastlmm,null
HIVCLUSTERING,python-hivclustering,null
CHAINPRENET,ucsc-chainprenet,null
BIOCONDUCTOR-ENSEMBLDB,bioconductor-ensembldb,ensembldb
CHAINMAP,chainmap,null
PYCOQC,pycoqc,null
MEME,meme,null
R2R,r2r,r2r
BOOTSTRAP,flask-bootstrap,null
BLEACH,bleach,null
BIOCONDUCTOR-CGHMCR,bioconductor-cghmcr,cghmcr
WORDLINE,ucsc-wordline,null
TOOLBELT,requests-toolbelt,null
PARALYZER,paralyzer,paralyzer
GDGRAPH,perl-gdgraph-histogram,null
METAPROB,metaprob,null
COFOLD,cofold,null
RELOCATE2,relocate2,null
BIOCONDUCTOR-TRANSVIEW,bioconductor-transview,transview
CLI,azure-cli,null
BIOCONDUCTOR-TXDB.DMELANOGASTER.UCSC.DM6.ENSGENE,bioconductor-txdb.dmelanogaster.ucsc.dm6.ensgene,null
ASKOCLI,askocli,null
GAPC,bellmans-gapc,null
GTFTOGENEPRED,ucsc-gtftogenepred,null
STATMOD,r-statmod,null
BATCHJOBS,r-batchjobs,null
SCREEN,fastq-screen,null
CYORDEREDDICT,cyordereddict,null
TEMPLATE,perl-template-toolkit,null
MAASLIN,maaslin,null
WWW,perl-www-robotrules,null
BIOCONDUCTOR-ALPINE,bioconductor-alpine,alpine
TRANS,soapdenovo-trans,null
SPRINKLES,sprinkles,null
VOLUPTUOUS,voluptuous,null
EXONERATE,exonerate,exonerate
CNVKIT,cnvkit,cnvkit
VALIDATEMANIFEST,ucsc-validatemanifest,null
BIOCONDUCTOR-BEADARRAYSNP,bioconductor-beadarraysnp,beadarraysnp
BIOCONDUCTOR-GGTREE,bioconductor-ggtree,null
BIOCONDUCTOR-RPX,bioconductor-rpx,rpx
ERROR,perl-error,null
BIOCONDUCTOR-MESHSIM,bioconductor-meshsim,null
BIOCONDUCTOR-BIOCGENERICS,bioconductor-biocgenerics,biocgenerics
BIOCONDUCTOR-GEOQUERY,bioconductor-geoquery,geoquery
BIOCONDUCTOR-RIBOSEQR,bioconductor-riboseqr,riboseqr
BIOCONDUCTOR-CONSENSUSCLUSTERPLUS,bioconductor-consensusclusterplus,consensusclusterplus
BEDCOVERAGE,ucsc-bedcoverage,null
HCLUST2,hclust2,null
BEDTOOLS,bedtools,bedtools
BIOCONDUCTOR-TRASER,bioconductor-traser,null
TYPE,perl-type-tiny,null
EVAL,perl-eval-closure,null
BIOCONDUCTOR-SNPEDIAR,bioconductor-snpediar,snpediar
COSI2,cosi2,null
ESMRE,esmre,null
BIOCONDUCTOR-SPIKELI,bioconductor-spikeli,spikeli
GPSEQ,r-gpseq,gpseq
OPENPYXL,openpyxl,null
RDKIT,rdkit,null
UMIS,umis,null
RRCOV,r-rrcov,null
BIOCONDUCTOR-ANTIPROFILES,bioconductor-antiprofiles,antiprofiles
ROPEBWT2,ropebwt2,null
BIOCONDUCTOR-IRANGES,bioconductor-iranges,iranges
EXCEPTION,perl-exception-class,null
VCF,bio-vcf,null
MGKIT,mgkit,null
MEMOIZE,perl-memoize,null
BIOCONDUCTOR-BECLEAR,bioconductor-beclear,null
NGSEQBASIC,ngseqbasic,null
RESHAPE2,r-reshape2,null
PSLMAP,ucsc-pslmap,null
WKHTMLTOPDF,wkhtmltopdf,null
MOTHUR,mothur,null
BIOPERL,perl-bioperl,bioperl
TBL2ASN,tbl2asn,null
ROPROFILE,roprofile,null
COLLECTL,collectl,null
BIOCONDUCTOR-EDASEQ,bioconductor-edaseq,edaseq
METAVELVET,metavelvet,null
NEWPYTHONPROG,ucsc-newpythonprog,null
RNASNP,rnasnp,rnasnp
DBM,perl-dbm-deep,null
CANARY,perl-canary-stability,null
LIFTOVER,ucsc-liftover,liftover
INTERVALTREE,intervaltree,null
PANDASEQ,pandaseq,null
PYTHON2,avro-python2,null
PYMOT,pymot,null
PERLIO,perl-perlio-gzip,null
DRC,r-drc,null
BIOCONDUCTOR-ANNOTATE,bioconductor-annotate,null
DOCOPT,r-docopt,null
BIOCONDUCTOR-DNACOPY,bioconductor-dnacopy,dnacopy
CLOUD,google-cloud-sdk,null
MAWK,mawk,null
CONCOCT,concoct,null
BIOCONDUCTOR-IWTOMICS,bioconductor-iwtomics,null
AROMA.AFFYMETRIX,r-aroma.affymetrix,null
SLCLUST,slclust,null
BIOCONDUCTOR-CHIPSEQ,bioconductor-chipseq,chipseq
PSLCAT,ucsc-pslcat,null
LIGHTER,lighter,null
YARA,yara,yara
METAPHYLER,metaphyler,null
PLANT_TRIBES_KAKS_ANALYSIS,plant_tribes_kaks_analysis,null
GTF_TO_GENES,gtf_to_genes,null
BIOCONDUCTOR-MESHDBI,bioconductor-meshdbi,null
CWLTOOL,cwltool,null
BOLTONS,boltons,null
BIOCONDUCTOR-LPSYMPHONY,bioconductor-lpsymphony,lpsymphony
REPEATSCOUT,repeatscout,null
SHAPE,r-shape,null
GEN,seq-gen,null
HGTOOLS,hgtools,null
BIOCONDUCTOR-KEGGGRAPH,bioconductor-kegggraph,kegggraph
AXTTOPSL,ucsc-axttopsl,null
ARGUTILS,argutils,null
BIOCONDUCTOR-CAND,bioconductor-cand,cand
WORKSPACE,workspace,null
VCFLIB,vcflib,vcflib
GENESPLICER,genesplicer,GeneSplicer
SNOSCAN,snoscan,snoscan
AGRICOLAE,r-agricolae,null
BIOCONDUCTOR-KEGGREST,bioconductor-keggrest,null
BIOCONDUCTOR-MACAT,bioconductor-macat,macat
BTLIB,perl-btlib,null
FILECHUNKIO,filechunkio,null
BIOCONDUCTOR-TOPGO,bioconductor-topgo,topgo
BIOCONDUCTOR-TXDB.MMUSCULUS.UCSC.MM9.KNOWNGENE,bioconductor-txdb.mmusculus.ucsc.mm9.knowngene,null
BIOCONDUCTOR-TXDB.RNORVEGICUS.UCSC.RN4.ENSGENE,bioconductor-txdb.rnorvegicus.ucsc.rn4.ensgene,null
GGPLOT2,r-ggplot2,ggplot2
GRABIX,grabix,null
TRANSLATORX,translatorx,translatorx
SEQKIT,seqkit,null
BEDOPS,bedops,Bedops
BIOCONDUCTOR-TXDB.MMUSCULUS.UCSC.MM10.KNOWNGENE,bioconductor-txdb.mmusculus.ucsc.mm10.knowngene,null
SIMPLE_SV_ANNOTATION,simple_sv_annotation,null
BIOCONDUCTOR-TXDB.HSAPIENS.UCSC.HG38.KNOWNGENE,bioconductor-txdb.hsapiens.ucsc.hg38.knowngene,null
MAGRITTR,r-magrittr,null
AWSCLI,awscli,null
ZAGROS,zagros,null
NOR1MIX,r-nor1mix,null
BIOCONDUCTOR-TWILIGHT,bioconductor-twilight,twilight
ESTORIENT,ucsc-estorient,null
RANDFOLD,randfold,randfold
CHECKHGFINDSPEC,ucsc-checkhgfindspec,null
PSLCHECK,ucsc-pslcheck,null
SIM4DB,sim4db,null
PINDEL,pindel,pindel
OPSIN,opsin,null
HLAPROFILER,hlaprofiler,null
KRIGING,r-kriging,null
USHUFFLE,ushuffle,null
BIOCONDUCTOR-TIMECOURSE,bioconductor-timecourse,timecourse
BIOCONDUCTOR-SEMDIST,bioconductor-semdist,null
MINIMOCK,minimock,null
VSEARCH,vsearch,vsearch
SC,velvet-sc,null
MRBAYES,mrbayes,mrbayes
HURRY.FILESIZE,hurry.filesize,null
SIS,sis,null
RNIFTYREG,r-rniftyreg,null
BIOCONDUCTOR-GENELENDATABASE,bioconductor-genelendatabase,null
GUBBINS,gubbins,null
MAFORDER,ucsc-maforder,null
BIOCONDUCTOR-PLIER,bioconductor-plier,null
GDTEXTUTIL,perl-gdtextutil,null
PY,gnuplot-py,null
BIOCONDUCTOR-EXOMECOPY,bioconductor-exomecopy,exomecopy
NMRPRO,nmrpro,null
NOZZLE.R1,r-nozzle.r1,null
XOPEN,xopen,null
SUMA_PACKAGE,suma_package,null
TGT,tgt,null
BIOCONDUCTOR-DOPPELGANGR,bioconductor-doppelgangr,doppelgangr
PYSFTP,pysftp,null
BLASR_LIBCPP,blasr_libcpp,null
HPC,perl-hpc-runner-command-plugin-logger-sqlite,null
FASTUNIQ,fastuniq,null
QIIMETOMAASLIN,qiimetomaaslin,null
UNICYCLER,unicycler,null
DRIVE,drive,null
BIOCONDUCTOR-SIMILARPEAK,bioconductor-similarpeak,null
BIOCONDUCTOR-M3DROP,bioconductor-m3drop,m3drop
ROLE,perl-role-tiny,null
NEPTUNE,neptune,null
BIOCONDUCTOR-MOPS,bioconductor-mops,mops
SPLITFILEBYCOLUMN,ucsc-splitfilebycolumn,null
SELECTSEQUENCESFROMMSA,selectsequencesfrommsa,null
BIOCONDUCTOR-MASSIR,bioconductor-massir,null
CHAINNET,ucsc-chainnet,null
APOC,apoc,null
DIAGRAM,r-diagram,null
BIOCONDUCTOR-MASSARRAY,bioconductor-massarray,massarray
BIOCONDUCTOR-PCAN,bioconductor-pcan,pcan
BEROKKA,berokka,null
JURKO,suds-jurko,null
PRIMER3,primer3,primer3
HAYSTACK_BIO,haystack_bio,null
TOPHAT,tophat,tophat
METHYLDACKEL,methyldackel,null
LIBSBML,python-libsbml,null
PEDAGREE,pedagree,null
FLEXCLUST,r-flexclust,null
ABYSS,abyss,abyss
PYFAIDX,pyfaidx,pyfaidx
MANTA,manta,manta
BIOCONDUCTOR-QVALUE,bioconductor-qvalue,null
GAP2SEQ,gap2seq,null
PMCMR,r-pmcmr,null
BIOCONDUCTOR-MMNET,bioconductor-mmnet,mmnet
C,tadarida-c,null
LEAPS,r-leaps,null
BIOCONDUCTOR-BHC,bioconductor-bhc,bhc
R.UTILS,r-r.utils,null
PATHOSCOPE,pathoscope,null
YAHMM,yahmm,null
LOCFIT,r-locfit,null
BISMARK,bismark,bismark
TQDM,tqdm,null
BIOCONDUCTOR-SSPA,bioconductor-sspa,sspa
METASV,age-metasv,null
BIOCONDUCTOR-GGCYTO,bioconductor-ggcyto,ggcyto
RMYSQL,r-rmysql,null
ARCHIVE,perl-archive-tar,null
BIOCONDUCTOR-FLOWSOM,bioconductor-flowsom,null
URLLIB3,urllib3,null
FAKEMP,python-fakemp,null
CROMWELL,cromwell,null
NAV,flask-nav,null
MIXCR,mixcr,null
SOURMASH,sourmash,null
GENEPOP,genepop,null
SEGMENTED,r-segmented,null
BIOCONDUCTOR-RAMIGO,bioconductor-ramigo,ramigo
CIRCLATOR,circlator,null
PYTRIANGLE,pytriangle,null
NTCARD,ntcard,null
CHECKCOVERAGEGAPS,ucsc-checkcoveragegaps,null
SVG,perl-svg,null
S3GOF3R,s3gof3r,null
BCBREPORT,bcbreport,null
COLOC,r-coloc,null
GENOMICCONSENSUS,genomicconsensus,null
RCPPPARALLEL,r-rcppparallel,null
BRASS,brass,null
FWDPY,fwdpy,null
BIOCONDUCTOR-ORGANISMDBI,bioconductor-organismdbi,null
KALLISTO,kallisto,kallisto
BIOCONDUCTOR-CHICAGO,bioconductor-chicago,chicago
SPLITSTACKSHAPE,r-splitstackshape,null
MAXENTPY,maxentpy,null
ECOPRIMERS,ecoprimers,null
BIOCONDUCTOR-ANNOTATIONDBI,bioconductor-annotationdbi,annotationdbi
BBMISC,r-bbmisc,null
GECODE,gecode,null
PAML,paml,paml
PASTA,pasta,pasta
PARALLEL,parallel,null
VENN,r-venn,null
BPIPE,bpipe,null
EXTRAFONTDB,r-extrafontdb,null
KRONA,krona,krona
KNOT,knot,null
BIOCONDUCTOR-GAGA,bioconductor-gaga,gaga
ROARY2FRIPAN.PY,roary2fripan.py,null
SHUSTRING,shustring,null
HLAMA,hlama,null
SHAKER,peptide-shaker,peptideshaker
FATRANS,ucsc-fatrans,null
THETA2,theta2,null
TABULATE,tabulate,null
ASSEMBLYUTILITY,assemblyutility,null
LORDEC,lordec,null
YAHA,yaha,null
MUTOSS,r-mutoss,null
TIDYP,tidyp,null
DEBWT,debwt,null
DBTRASH,ucsc-dbtrash,null
MIMODD,mimodd,null
CAPTURE,perl-capture-tiny,null
BIOCONDUCTOR-PROTGENERICS,bioconductor-protgenerics,protgenerics
GFF3TOEMBL,gff3toembl,null
BIOCONDUCTOR-ANNMAP,bioconductor-annmap,null
BIOCONDUCTOR-AGDEX,bioconductor-agdex,agdex
VIREMA,virema,null
JSONLD,rdflib-jsonld,null
LIBBAMBAMC,libbambamc,null
BIOCONDUCTOR-TXDB.CELEGANS.UCSC.CE6.ENSGENE,bioconductor-txdb.celegans.ucsc.ce6.ensgene,null
BIOCONDUCTOR-QDNASEQ.MM10,bioconductor-qdnaseq.mm10,null
BIOCONDUCTOR-MASIGPRO,bioconductor-masigpro,masigpro
SLANG,slang,null
QIIME,qiime,qiime
SAMSIFTER,samsifter,null
SEQPREP,seqprep,seqprep
RLIST,r-rlist,null
KHMER,khmer,khmer
PANCAKE,pancake,null
PYMUMMER,pymummer,null
BIOCONDUCTOR-GENEFILTER,bioconductor-genefilter,genefilter
DIPTEST,r-diptest,null
SEQC,rna-seqc,null
KOEKEN,koeken,null
PVACSEQ,pvacseq,null
QCUMBER,qcumber,null
BIOCONDUCTOR-RISA,bioconductor-risa,null
BIOCONDUCTOR-RNASEQCOMP,bioconductor-rnaseqcomp,rnaseqcomp
FASTDTW,fastdtw,null
OPTITYPE,optitype,null
DISCOVAR,discovar,discovar
BIOCONDUCTOR-COPYNUMBER,bioconductor-copynumber,null
FEATUREBITS,ucsc-featurebits,null
GPLOTS,r-gplots,null
PLANT_TRIBES_ASSEMBLY_POST_PROCESSOR,plant_tribes_assembly_post_processor,null
RPY2,rpy2,null
GENABEL.DATA,r-genabel.data,null
SVGWRITE,svgwrite,null
BOWER,flask-bower,null
BIOCONDUCTOR-TXDB.DMELANOGASTER.UCSC.DM3.ENSGENE,bioconductor-txdb.dmelanogaster.ucsc.dm3.ensgene,null
FASTX_TOOLKIT,fastx_toolkit,null
CANVAS,canvas,null
BIOCONDUCTOR-MZR,bioconductor-mzr,mzr
BIOCONDUCTOR-DUPRADAR,bioconductor-dupradar,dupradar
CSVTK,csvtk,null
OPS,galaxy-ops,null
APACHE,perl-apache-test,null
BIOCONDUCTOR-QRQC,bioconductor-qrqc,qrqc
COMMON,perl-common-sense,null
FOLD,segmentation-fold,null
HIFIVE,hifive,null
RNFTOOLS,rnftools,null
BIOCONDUCTOR-RBGL,bioconductor-rbgl,rbgl
DCMTK,dcmtk,null
PEAKZILLA,peakzilla,peakzilla
ARGPARSER,r-argparser,null
LINKS,links,null
BIOCONDUCTOR-ATLASRDF,bioconductor-atlasrdf,atlasrdf
BIOCONDUCTOR-TXDB.RNORVEGICUS.UCSC.RN5.REFGENE,bioconductor-txdb.rnorvegicus.ucsc.rn5.refgene,null
BASIC,basic,null
RAPSEARCH,rapsearch,rapsearch
SEQMAGICK,seqmagick,null
BIT,perl-bit-vector,null
GENEPREDCHECK,ucsc-genepredcheck,null
EIGENSOFT,eigensoft,Eigensoft
ALE,ale,null
BIOCONDUCTOR-DNASHAPER,bioconductor-dnashaper,dnashaper
GENEPREDTOGTF,ucsc-genepredtogtf,null
BIOBLEND,bioblend,null
REPRESENT,represent,null
SGA,sga,sga
BIOCONDUCTOR-SSCU,bioconductor-sscu,sscu
BIOCONDUCTOR-PVAC,bioconductor-pvac,pvac
MATRIXSTATS,r-matrixstats,null
BIOCONDUCTOR-FASTSEG,bioconductor-fastseg,fastseg
KNITRBOOTSTRAP,r-knitrbootstrap,null
FINDBIN,perl-findbin,null
JQ,jq,null
EFFECTIVET3,effectivet3,effectivet3
CHEMFP,chemfp,null
PATH,forked-path,null
FIDO,fido,null
GENEPREDTOBED,ucsc-genepredtobed,null
PICKER,cluster-picker,null
BIOCONDUCTOR-PURECN,bioconductor-purecn,purecn
GUIDESCAN,guidescan,null
BIOCONDUCTOR-BSGENOME.HSAPIENS.UCSC.HG19,bioconductor-bsgenome.hsapiens.ucsc.hg19,null
RATOLINES,ucsc-ratolines,null
AGG,agg,null
MIME,perl-mime-quotedprint,null
PYBIGWIG,pybigwig,null
PICOPORE,picopore,null
RNAZ,rnaz,rnaz
BLASTALIGN,blastalign,null
ITK,itk,null
KS,r-ks,null
BIOCONDUCTOR-BIOMART,bioconductor-biomart,null
BIOCONDUCTOR-TFBSTOOLS,bioconductor-tfbstools,null
CHECKAGPANDFA,ucsc-checkagpandfa,null
MAFADDQROWS,ucsc-mafaddqrows,null
MATH,perl-math-cdf,null
SWALIGN,swalign,swalign
BIOCONDUCTOR-CUSTOMPRODB,bioconductor-customprodb,null
FILTLONG,filtlong,null
LIBGTEXTUTILS,libgtextutils,null
CMAPPY,cmappy,null
BIOCONDUCTOR-RSUBREAD,bioconductor-rsubread,rsubread
TABIX,tabix,null
MAGIC,python-magic,magic
BIOCONDUCTOR-FLOWUTILS,bioconductor-flowutils,null
COMPONENTS,wtforms-components,null
PROGRESS,r-progress,null
BURRITO,burrito,null
MAFFT,mafft,mafft
PICTRUST,pictrust,null
GALORE,trim-galore,trim_galore
CWL2WDL,cwl2wdl,null
NIBFRAG,ucsc-nibfrag,null
KAPTIVE,kaptive,null
PCAP,perl-pcap,null
BIOCONDUCTOR-SNPHOOD,bioconductor-snphood,null
KAT,kat,KAT
BIOCONDUCTOR-QUSAGE,bioconductor-qusage,null
BIOCONDUCTOR-CELLHTS2,bioconductor-cellhts2,null
PHONENUMBERS,phonenumbers,null
EXOMEDEPTH,r-exomedepth,exomedepth
BIOCONDUCTOR-GRAPHITE,bioconductor-graphite,null
PIPMIR,pipmir,pipmir
GLIMMER,glimmer,glimmer
SEQUANA,sequana,null
BIOCONDUCTOR-NETPATHMINER,bioconductor-netpathminer,netpathminer
JELLYFISH,jellyfish,jellyfish
BBMLE,r-bbmle,null
SEQBUSTER,seqbuster,seqbuster
BIOCONDUCTOR-SAVR,bioconductor-savr,savr
MALDIQUANTFOREIGN,r-maldiquantforeign,null
BIOCONDUCTOR-NEM,bioconductor-nem,nem
CROSSMAP,crossmap,null
ALL,metaseq-all,null
BIOCONDUCTOR-METHYLPIPE,bioconductor-methylpipe,methylpipe
STACKS,stacks,Stacks
BIOCONDUCTOR-AFFY,bioconductor-affy,affy
AROMA.APD,r-aroma.apd,null
EPIC,epic,null
BARRNAP,barrnap,barrnap
SHIVER,shiver,null
FGBIO,fgbio,null
UROPA,uropa,null
AUGUSTUS,augustus,augustus
CATUNCOMMENT,ucsc-catuncomment,null
PHEATMAP,r-pheatmap,pheatmap
MOSAIK,mosaik,mosaik
BIOCONDUCTOR-ROAR,bioconductor-roar,roar
BACKPORTS.UNITTEST_MOCK,backports.unittest_mock,null
ICQSOL,icqsol,null
OPTBUILD,optbuild,null
GLIBC,test-glibc,null
PSLLIFTSUBRANGEBLAT,ucsc-pslliftsubrangeblat,null
BIOCONDUCTOR-CN.MOPS,bioconductor-cn.mops,cn.mops
ABAWACA,abawaca,null
CRTREESEARCHBED,ucsc-crtreesearchbed,null
PSLPARTITION,ucsc-pslpartition,null
EXTUTILS,perl-extutils-makemaker,null
PSLXTOFA,ucsc-pslxtofa,null
CHADO,python-chado,null
RSEM,rsem,rsem
PLANT_TRIBES_GENE_FAMILY_PHYLOGENY_BUILDER,plant_tribes_gene_family_phylogeny_builder,null
SORT,perl-sort-versions,null
RSEIS,r-rseis,null
MAFSPECIESSUBSET,ucsc-mafspeciessubset,null
TAILLINES,ucsc-taillines,null
MARKDOWN,flask-markdown,null
MULTX,fastq-multx,null
FISHTACO,fishtaco,null
EFFECT,variant-effect-predictor,vep
SIMPLE,pgma-simple,null
ARIA2,aria2,null
BIOCONDUCTOR-MINFI,bioconductor-minfi,minfi
GMODELS,r-gmodels,null
QACAGPLIFT,ucsc-qacagplift,null
EDITTAG,edittag,null
BWAMETH,bwameth,null
BIOCONDUCTOR-NCDFFLOW,bioconductor-ncdfflow,ncdfflow
PHYLOTOAST,phylotoast,null
BIOCONDUCTOR-XMAPBRIDGE,bioconductor-xmapbridge,null
BIOCONDUCTOR-FLOWCORE,bioconductor-flowcore,null
DYNAMICTREECUT,r-dynamictreecut,null
PSLMRNACOVER,ucsc-pslmrnacover,null
GOCR,gocr,null
NUDUP,nudup,null
DBG2OLC,dbg2olc,null
BIOCONDUCTOR-SWATH2STATS,bioconductor-swath2stats,null
MULTICOOL,r-multicool,null
CENTRIFUGE,centrifuge,Centrifuge
BIOCONDUCTOR-SAGX,bioconductor-sagx,sagx
WRASSP,r-wrassp,null
NEXTFLOW,nextflow,null
PROPHYLE,prophyle,null
SNIFFLES,sniffles,null
BIOCONDUCTOR-NOISEQ,bioconductor-noiseq,noiseq
APPCONFIG,perl-appconfig,null
CAR,r-car,null
SHINYACE,r-shinyace,null
OAUTH2CLIENT,oauth2client,null
GGREPEL,r-ggrepel,null
VCF2DB,vcf2db,null
BIOCONDUCTOR-RTRACKLAYER,bioconductor-rtracklayer,null
MAPPY,mappy,null
BIOCONDUCTOR-METHPED,bioconductor-methped,methped
LOFREQ,lofreq,null
BIOCONDUCTOR-VARIANTTOOLS,bioconductor-varianttools,varianttools
GPROFILER,r-gprofiler,null
NANOSIMH,nanosimh,null
YASS,yass,yass
ECOPCR,ecopcr,null
MHAP,mhap,null
PYSAM,pysam,pysam
BLASTN,hs-blastn,null
SALMON,salmon,null
MIXOMICS,r-mixomics,mixomics
BIGWIGTOBEDGRAPH,ucsc-bigwigtobedgraph,null
MAFADDIROWS,ucsc-mafaddirows,null
TRAWLER,trawler,null
TWOBITTOFA,ucsc-twobittofa,null
GFAPY,gfapy,null
XSV,xsv,null
BIOCONDUCTOR-PIANO,bioconductor-piano,piano
NOVOALIGN,novoalign,Novoalign
MULTIQC,multiqc,multiqc
PROBAMCONVERT,probamconvert,null
TEXTHISTOGRAM,ucsc-texthistogram,null
CHAINSPLIT,ucsc-chainsplit,null
EA,kraken-ea,null
PYANI,pyani,null
BIOCONDUCTOR-CELLGROWTH,bioconductor-cellgrowth,null
SPECIO,perl-specio-exporter,null
ESTMAPPER,estmapper,null
BIOCONDUCTOR-GGBIO,bioconductor-ggbio,ggbio
DDRTREE,r-ddrtree,null
BIOCONDUCTOR-ORG.RN.EG.DB,bioconductor-org.rn.eg.db,null
RATOTAB,ucsc-ratotab,null
GHM,ghm,null
GENOLOGICS,genologics,null
BIOCONDUCTOR-MOSAICS,bioconductor-mosaics,mosaics
EXTRACT_GENOME_REGION,extract_genome_region,null
SL,metavelvet-sl-feature-extraction,null
LEGACY,blast-legacy,null
BIGBEDSUMMARY,ucsc-bigbedsummary,null
PILER,piler,null
BIOCONDUCTOR-MOTIV,bioconductor-motiv,motiv
D3HEATMAP,r-d3heatmap,null
SPLANCS,r-splancs,null
NETTOBED,ucsc-nettobed,null
REPEATMASKER,repeatmasker,RepeatMasker
MERFISHTOOLS,merfishtools,null
DATE,perl-date-manip,null
PYCLI,pycli,null
PRACMA,r-pracma,null
BIOCONDUCTOR-BSGENOME.MMUSCULUS.UCSC.MM9,bioconductor-bsgenome.mmusculus.ucsc.mm9,null
BEDPILEUPS,ucsc-bedpileups,null
PROC,perl-proc-fork,null
BIOCONDUCTOR-ANNAFFY,bioconductor-annaffy,null
BCTOOLS,bctools,null
SNAKEMAKE,snakemake,null
BIOCONDUCTOR-HSMMSINGLECELL,bioconductor-hsmmsinglecell,null
SARTOOLS,r-sartools,sartools
PSLSCORE,ucsc-pslscore,null
BIOCONDUCTOR-BSGENOME.MMUSCULUS.UCSC.MM10,bioconductor-bsgenome.mmusculus.ucsc.mm10,null
TAXONKIT,taxonkit,null
PYBEDTOOLS,pybedtools,pybedtools
KIWIDIST,kiwidist,null
BIOCONDUCTOR-TXDB.RNORVEGICUS.UCSC.RN6.REFGENE,bioconductor-txdb.rnorvegicus.ucsc.rn6.refgene,null
BIOCONDUCTOR-TWEEDESEQ,bioconductor-tweedeseq,tweedeseq
ADE4,r-ade4,null
GFFREAD,gffread,gffread
NANOLYSE,nanolyse,null
ADA,r-ada,null
BIOCONDUCTOR-BCRANK,bioconductor-bcrank,bcrank
GOTTCHA,gottcha,null
GFINISHER,gfinisher,null
BIOCONDUCTOR-EBIMAGE,bioconductor-ebimage,null
HPPY,python-hppy,null
DB,perl-db-file,null
CORE,bpp-core,null
SENTIEON,sentieon,null
OLIGOTYPING,oligotyping,null
RCIRCOS,r-rcircos,null
BIOCONDUCTOR-CALIB,bioconductor-calib,calib
BOUTROSLABPLOTTINGGENERAL,boutroslabplottinggeneral,null
ROCR,r-rocr,null
PNG,r-png,null
MAFFILTER,ucsc-maffilter,null
MAKER,maker,maker
DSCR,dscr,null
REGIONS,gvcf-regions,null
SUBCHAR,ucsc-subchar,null
AUTHEN,perl-authen-sasl-saslprep,null
VERSE,verse,null
BIOCONDUCTOR-JMOSAICS,bioconductor-jmosaics,null
IMAGE,perl-image-info,image
GDSCTOOLS,gdsctools,null
PARAVIEW,paraview,null
SVVIZ,svviz,null
NUCLEOATAC,nucleoatac,null
BH,r-bh,null
BIOCONDUCTOR-FDB.INFINIUMMETHYLATION.HG19,bioconductor-fdb.infiniummethylation.hg19,null
TALLOC,talloc,null
JSON_COLLECT_DATA_SOURCE,json_collect_data_source,null
SWARM,swarm,swarm
DUNOVO,dunovo,null
ESTSCAN2,perl-estscan2,null
RNASEQ,bcbio-rnaseq,null
TOOLS,transrate-tools,null
BIOCONDUCTOR-RECOUP,bioconductor-recoup,recoup
BIOCONDUCTOR-GENOMEINFODBDATA,bioconductor-genomeinfodbdata,null
LIBXML,perl-libxml-perl,null
BIOCONDUCTOR-OLIGO,bioconductor-oligo,null
GETRNA,ucsc-getrna,null
ETA,eta,null
GADEM,gadem,null
BAMHASH,bamhash,null
INTARNA,intarna,intarna
POTION,flask-potion,null
RNASTRUCTURE,rnastructure,rnastructure
